spin_landing,time,session_spin_count
0,2020-10-21 16:52:29.647678,1
17,2020-10-21 16:52:31.778908,2
25,2020-10-21 16:52:35.008959,3
36,2020-10-21 16:52:38.897952,4
13,2020-10-21 16:52:43.175609,5
25,2020-10-21 16:52:45.409751,6
19,2020-10-21 16:52:49.398039,7
24,2020-10-21 16:52:52.241051,8
3,2020-10-21 16:52:55.505900,9
9,2020-10-21 16:52:57.637880,10
33,2020-10-21 16:53:01.050018,11
2,2020-10-21 16:53:03.440572,12
23,2020-10-21 16:53:06.337417,13
36,2020-10-21 16:53:14.786848,14
11,2020-10-21 16:53:17.892178,15
8,2020-10-21 16:53:20.047634,16
25,2020-10-21 16:53:23.562376,17
9,2020-10-21 16:53:27.216598,18
11,2020-10-21 16:53:29.429108,19
13,2020-10-21 16:53:32.394607,20
5,2020-10-21 16:53:34.779976,21
15,2020-10-21 16:53:36.537541,22
1,2020-10-21 16:53:38.370744,23
18,2020-10-21 16:53:43.963704,24
36,2020-10-21 16:53:50.654364,25
25,2020-10-21 16:53:54.761403,26
16,2020-10-21 16:55:39.228205,27
17,2020-10-21 16:55:46.215525,28
29,2020-10-21 16:55:48.505971,29
36,2020-10-21 16:55:51.801527,30
28,2020-10-21 16:55:53.717571,31
35,2020-10-21 16:55:55.109849,32
9,2020-10-21 16:55:58.767494,33
12,2020-10-21 16:56:03.998100,34
33,2020-10-21 16:56:07.218217,35
35,2020-10-21 16:56:09.949069,36
11,2020-10-21 16:56:15.286500,37
11,2020-10-21 16:56:16.600903,38
12,2020-10-21 16:56:22.821172,39
3,2020-10-21 16:56:24.622114,40
0,2020-10-21 16:56:31.255631,41
35,2020-10-21 16:56:35.094053,42
18,2020-10-21 16:57:52.809123,43
21,2020-10-21 16:57:56.660609,44
26,2020-10-21 16:57:59.799084,45
1,2020-10-21 16:58:01.398826,46
29,2020-10-21 16:58:03.498937,47
7,2020-10-21 16:58:05.682083,48
29,2020-10-21 16:58:10.362638,49
15,2020-10-21 16:58:15.878428,50
20,2020-10-21 16:58:18.110136,51
12,2020-10-21 16:58:21.068062,52
8,2020-10-21 16:58:25.675743,53
13,2020-10-21 16:58:29.680068,54
14,2020-10-21 16:58:31.985386,55
33,2020-10-21 16:58:34.213818,56
32,2020-10-21 16:58:36.844178,57
5,2020-10-21 16:58:39.192032,58
33,2020-10-21 16:58:41.822540,59
25,2020-10-21 16:58:47.468624,60
33,2020-10-21 16:58:50.141736,61
1,2020-10-21 16:58:52.121891,62
1,2020-10-21 16:58:53.027776,63
35,2020-10-21 16:58:56.428516,64
0,2020-10-21 16:58:59.072902,65
9,2020-10-21 16:59:06.840362,66
2,2020-10-21 16:59:09.367355,67
21,2020-10-21 16:59:11.929784,68
11,2020-10-21 16:59:14.810231,69
28,2020-10-21 17:00:07.066500,70
31,2020-10-21 17:00:11.551697,71
33,2020-10-21 17:00:20.748026,72
16,2020-10-21 17:00:26.175697,73
8,2020-10-21 17:00:31.371717,74
24,2020-10-21 17:00:34.057373,75
33,2020-10-21 17:00:37.265449,76
21,2020-10-21 17:00:41.247323,77
27,2020-10-21 17:00:43.476352,78
27,2020-10-21 17:00:45.113724,79
19,2020-10-21 17:00:51.555874,80
0,2020-10-21 17:00:53.577951,81
6,2020-10-21 17:00:57.382242,82
36,2020-10-21 17:01:06.358655,83
20,2020-10-21 17:01:10.871566,84
7,2020-10-21 17:01:12.271164,85
5,2020-10-21 17:01:14.097651,86
13,2020-10-21 17:01:15.893591,87
4,2020-10-21 17:01:17.946331,88
24,2020-10-21 17:01:47.809639,91
34,2020-10-21 17:01:55.911601,92
1,2020-10-21 17:02:03.430377,93
32,2020-10-21 17:02:25.083115,94
9,2020-10-21 17:02:27.727685,95
32,2020-10-21 17:02:30.754335,96
22,2020-10-21 17:02:35.099319,97
21,2020-10-21 17:02:36.765598,98
15,2020-10-21 17:02:38.144725,99
6,2020-10-21 17:02:55.245219,101
30,2020-10-21 17:03:08.536406,102
14,2020-10-21 17:03:10.720910,103
11,2020-10-21 17:03:12.321705,104
4,2020-10-21 17:03:31.839030,105
21,2020-10-21 17:03:36.461331,106
7,2020-10-21 17:03:38.426491,107
30,2020-10-21 17:03:42.733576,108
15,2020-10-21 17:03:45.035857,109
15,2020-10-21 17:03:47.613358,110
19,2020-10-21 17:03:52.191554,111
5,2020-10-21 17:03:56.393296,112
17,2020-10-21 17:03:58.864125,113
21,2020-10-21 17:04:01.752983,114
34,2020-10-21 17:04:04.359556,115
20,2020-10-21 17:04:07.335181,116
2,2020-10-21 17:04:10.593343,117
31,2020-10-21 17:04:13.860641,118
13,2020-10-21 17:04:17.819066,119
28,2020-10-21 17:04:43.187082,120
4,2020-10-21 17:04:49.486939,121
29,2020-10-21 17:04:51.423467,122
32,2020-10-21 17:04:56.910031,123
32,2020-10-21 17:05:03.704779,124
16,2020-10-21 17:05:06.437731,125
6,2020-10-21 17:05:08.672715,126
31,2020-10-21 17:05:10.897912,127
15,2020-10-21 17:05:13.369422,128
11,2020-10-21 17:05:15.988717,129
10,2020-10-21 17:05:18.249272,130
3,2020-10-21 17:05:20.575598,131
9,2020-10-21 17:05:22.952405,132
27,2020-10-21 17:05:24.534331,133
1,2020-10-21 17:05:30.320716,134
11,2020-10-21 17:05:32.188279,135
32,2020-10-21 17:05:36.203940,136
1,2020-10-21 17:05:41.435344,137
13,2020-10-21 17:05:44.466677,138
36,2020-10-21 17:05:48.647103,139
6,2020-10-21 17:05:57.247178,140
4,2020-10-21 17:06:00.884011,141
4,2020-10-21 17:06:01.836240,142
22,2020-10-21 17:06:04.986404,143
34,2020-10-21 17:06:08.650392,144
15,2020-10-21 17:06:14.467901,145
12,2020-10-21 17:06:18.603293,146
5,2020-10-21 17:06:23.223532,147
5,2020-10-21 17:06:23.899156,148
34,2020-10-21 17:06:26.479619,149
0,2020-10-21 17:06:28.216412,150
31,2020-10-21 17:06:29.801224,151
32,2020-10-21 17:06:34.893413,152
9,2020-10-21 17:06:40.701429,153
14,2020-10-21 17:06:42.770512,154
15,2020-10-21 17:06:46.258256,155
34,2020-10-21 17:06:48.221539,156
13,2020-10-21 17:06:51.580497,157
18,2020-10-21 17:06:56.473542,158
10,2020-10-21 17:07:01.990596,159
6,2020-10-21 17:07:11.199180,160
22,2020-10-21 17:07:19.569403,161
15,2020-10-21 17:07:21.466277,162
4,2020-10-21 17:07:24.711063,163
21,2020-10-21 17:07:26.453102,164
10,2020-10-21 17:07:28.769724,165
29,2020-10-21 17:07:35.779513,166
10,2020-10-21 17:07:42.925398,167
8,2020-10-21 17:07:45.474832,168
10,2020-10-21 17:07:47.544182,169
19,2020-10-21 17:07:49.803156,170
30,2020-10-21 17:07:54.175002,171
7,2020-10-21 17:07:56.763288,172
12,2020-10-21 17:07:59.714272,173
10,2020-10-21 17:08:02.741111,174
27,2020-10-21 17:08:04.618085,175
25,2020-10-21 17:08:06.687255,176
18,2020-10-21 17:08:09.045143,177
22,2020-10-21 17:08:11.362937,178
32,2020-10-21 17:08:15.241595,179
11,2020-10-21 17:08:19.260880,180
31,2020-10-21 17:08:22.721055,181
25,2020-10-21 17:08:25.756351,182
25,2020-10-21 17:08:27.212825,183
3,2020-10-21 17:08:31.618983,184
19,2020-10-21 17:08:36.168177,185
5,2020-10-21 17:08:38.229170,186
3,2020-10-22 23:14:39.317111,1
12,2020-10-22 23:14:46.927182,2
35,2020-10-22 23:14:48.977601,3
18,2020-10-22 23:14:52.110356,4
12,2020-10-22 23:15:00.116524,5
14,2020-10-22 23:15:02.320819,6
21,2020-10-22 23:15:04.465978,7
17,2020-10-22 23:15:08.240258,8
10,2020-10-22 23:15:11.639852,9
10,2020-10-22 23:15:13.250899,10
27,2020-10-22 23:15:17.156039,11
15,2020-10-22 23:16:56.173330,16
3,2020-10-22 23:16:58.595152,17
19,2020-10-22 23:17:01.541778,18
13,2020-10-22 23:17:03.971695,19
6,2020-10-22 23:17:05.999174,20
31,2020-10-22 23:17:08.765166,21
31,2020-10-22 23:17:17.956861,23
0,2020-10-22 23:17:20.837906,24
11,2020-10-22 23:17:25.736478,25
7,2020-10-22 23:17:27.475331,26
14,2020-10-22 23:17:32.109310,27
9,2020-10-22 23:17:35.108126,28
1,2020-10-22 23:17:36.801135,29
17,2020-10-22 23:17:38.676012,30
34,2020-10-22 23:17:42.739926,31
23,2020-10-22 23:17:51.016713,32
12,2020-10-22 23:17:53.634996,33
28,2020-10-22 23:17:58.983020,34
14,2020-10-22 23:18:03.886676,35
7,2020-10-22 23:18:07.299079,36
11,2020-10-22 23:18:16.230856,37
7,2020-10-22 23:18:19.617861,38
17,2020-10-22 23:18:25.552823,39
1,2020-10-22 23:18:27.248048,40
33,2020-10-22 23:18:30.864928,41
21,2020-10-22 23:18:38.392114,42
31,2020-10-22 23:18:47.070910,43
31,2020-10-22 23:18:47.919027,44
8,2020-10-22 23:18:51.254503,45
36,2020-10-22 23:18:53.297857,46
9,2020-10-22 23:18:54.957045,47
12,2020-10-22 23:18:58.149081,48
28,2020-10-22 23:19:04.344841,49
9,2020-10-22 23:19:07.024745,50
20,2020-10-22 23:19:09.082555,51
21,2020-10-22 23:19:13.097798,52
22,2020-10-22 23:19:15.803573,53
5,2020-10-22 23:19:19.475445,54
22,2020-10-22 23:19:24.019179,55
15,2020-10-22 23:19:28.479377,56
11,2020-10-22 23:19:30.432041,57
21,2020-10-22 23:19:35.505824,58
31,2020-10-22 23:19:42.014522,59
24,2020-10-22 23:19:44.483630,60
2,2020-10-22 23:19:47.643609,61
10,2020-10-22 23:19:57.211564,63
19,2020-10-22 23:20:05.079615,64
15,2020-10-22 23:20:38.874461,67
14,2020-10-22 23:20:44.827521,68
18,2020-10-22 23:20:50.899632,69
1,2020-10-22 23:20:53.222864,70
0,2020-10-22 23:20:55.165516,71
16,2020-10-22 23:20:58.158069,72
31,2020-10-22 23:21:22.117983,74
9,2020-10-22 23:21:25.998735,75
35,2020-10-22 23:21:28.472946,76
4,2020-10-22 23:21:32.839553,77
5,2020-10-22 23:21:34.515773,78
33,2020-10-22 23:21:36.616077,79
32,2020-10-22 23:21:42.789478,80
19,2020-10-22 23:21:44.686292,81
5,2020-10-22 23:21:46.818071,82
17,2020-10-22 23:21:49.289569,83
23,2020-10-22 23:21:52.031038,84
14,2020-10-22 23:21:53.695045,85
31,2020-10-22 23:22:00.292849,86
9,2020-10-22 23:22:02.639037,87
35,2020-10-22 23:22:09.782306,88
4,2020-10-22 23:22:11.668025,89
5,2020-10-22 23:22:14.218610,90
33,2020-10-22 23:22:17.009598,91
32,2020-10-22 23:22:20.295341,92
19,2020-10-22 23:22:37.851014,94
5,2020-10-22 23:22:41.757577,95
17,2020-10-22 23:22:43.269294,96
23,2020-10-22 23:22:45.693006,97
14,2020-10-22 23:22:48.390638,98
31,2020-10-22 23:22:51.675736,99
3,2020-10-22 23:22:56.032489,100
1,2020-10-22 23:22:59.632464,101
6,2020-10-22 23:23:02.108748,102
4,2020-10-22 23:23:04.199181,103
14,2020-10-22 23:23:06.388236,104
0,2020-10-22 23:23:08.548236,105
33,2020-10-22 23:23:10.235020,106
19,2020-10-22 23:23:12.181776,107
24,2020-10-22 23:23:14.856491,108
12,2020-10-22 23:23:16.901357,109
34,2020-10-22 23:23:22.676534,110
4,2020-10-22 23:23:27.544066,111
25,2020-10-22 23:23:30.433503,112
4,2020-10-22 23:23:34.795693,113
27,2020-10-22 23:23:38.283346,114
23,2020-10-22 23:23:41.116754,115
17,2020-10-22 23:23:48.763608,116
8,2020-10-22 23:23:51.720807,117
33,2020-10-22 23:23:53.870159,118
36,2020-10-22 23:23:56.417826,119
15,2020-10-22 23:23:59.109692,120
28,2020-10-22 23:24:06.905950,121
14,2020-10-22 23:24:09.259625,122
24,2020-10-22 23:24:11.482400,123
23,2020-10-22 23:24:13.599448,124
31,2020-10-22 23:24:15.113069,125
20,2020-10-22 23:24:16.619280,126
23,2020-10-22 23:24:31.132604,128
17,2020-10-22 23:24:33.544607,129
2,2020-10-22 23:24:37.926470,130
11,2020-10-22 23:24:40.700511,131
12,2020-10-22 23:24:44.878834,132
25,2020-10-22 23:24:47.687665,133
8,2020-10-22 23:24:55.400624,134
6,2020-10-22 23:24:57.667079,135
3,2020-10-22 23:25:01.186122,136
12,2020-10-22 23:25:05.746641,137
11,2020-10-22 23:25:07.333379,138
5,2020-10-22 23:25:09.873197,139
15,2020-10-22 23:25:12.113523,140
0,2020-10-22 23:25:15.270388,141
7,2020-10-22 23:25:17.221668,142
14,2020-10-22 23:25:39.294963,143
4,2020-10-23 17:10:09.355327,1
8,2020-10-23 17:10:11.504587,2
26,2020-10-23 17:10:19.461685,3
8,2020-10-23 17:10:22.350326,4
4,2020-10-23 17:10:23.434972,5
26,2020-10-23 17:10:31.840400,6
18,2020-10-23 17:10:36.584794,7
15,2020-10-23 17:10:47.944629,8
32,2020-10-23 17:10:51.050267,9
31,2020-10-23 17:10:56.011078,10
25,2020-10-23 17:10:57.961702,11
11,2020-10-23 17:11:00.184006,12
13,2020-10-23 17:11:01.968524,13
18,2020-10-23 17:11:04.125405,14
24,2020-10-23 17:11:06.354631,15
22,2020-10-23 17:11:08.244557,16
14,2020-10-23 17:11:12.372821,17
3,2020-10-23 17:11:15.838519,18
33,2020-10-23 17:11:19.365846,19
13,2020-10-23 17:11:22.111263,20
36,2020-10-23 17:11:25.339514,21
18,2020-10-23 17:11:27.562964,22
21,2020-10-23 17:11:34.170880,23
23,2020-10-23 17:11:37.125659,24
35,2020-10-23 17:11:40.695890,25
30,2020-10-23 17:11:44.311325,26
29,2020-10-23 17:11:46.896136,27
22,2020-10-23 17:11:51.852284,28
17,2020-10-23 17:11:53.672937,29
17,2020-10-23 17:11:54.733462,30
28,2020-10-23 17:12:02.662309,31
5,2020-10-23 17:12:06.853233,32
33,2020-10-23 17:12:09.093812,33
11,2020-10-23 17:12:13.071033,34
10,2020-10-23 17:12:15.657378,35
24,2020-10-23 17:12:17.446534,36
35,2020-10-23 17:12:21.278893,37
6,2020-10-23 17:12:23.293743,38
33,2020-10-23 17:12:25.266608,39
16,2020-10-23 17:12:29.017702,40
31,2020-10-23 17:12:30.924140,41
25,2020-10-23 17:12:33.748200,42
36,2020-10-23 17:12:37.304663,43
34,2020-10-23 17:12:39.802824,44
18,2020-10-23 17:12:44.075522,45
33,2020-10-23 17:12:47.955599,46
11,2020-10-23 17:13:20.952428,50
11,2020-10-23 17:13:22.006970,51
4,2020-10-23 17:13:26.185647,52
31,2020-10-23 17:13:28.655545,53
16,2020-10-23 17:13:31.025577,54
21,2020-10-23 17:13:33.146827,55
5,2020-10-23 17:13:36.134271,56
24,2020-10-23 17:13:41.825796,57
23,2020-10-23 17:13:43.754113,58
1,2020-10-23 17:13:45.752619,59
13,2020-10-23 17:13:47.663811,60
13,2020-10-23 17:13:48.196872,61
8,2020-10-23 17:13:51.949437,62
9,2020-10-23 17:13:53.232349,63
13,2020-10-23 17:13:57.088976,64
19,2020-10-23 17:13:59.586725,65
18,2020-10-23 17:14:05.239929,66
4,2020-10-23 17:14:09.258904,67
3,2020-10-23 17:14:10.496265,68
25,2020-10-23 17:14:12.696934,69
11,2020-10-23 17:14:16.338158,70
1,2020-10-23 17:14:18.205909,71
34,2020-10-23 17:14:23.760528,72
10,2020-10-23 17:14:27.655823,73
6,2020-10-23 17:14:30.444325,74
3,2020-10-23 17:14:34.750449,75
21,2020-10-23 17:14:37.721718,76
30,2020-10-23 17:14:40.207508,77
23,2020-10-23 17:14:46.658073,78
34,2020-10-23 17:14:52.188622,79
20,2020-10-23 17:14:55.544693,80
7,2020-10-23 17:14:56.962571,81
35,2020-10-23 17:14:59.966520,82
4,2020-10-23 17:15:02.203547,83
30,2020-10-23 17:15:04.485208,84
6,2020-10-23 17:15:06.129509,85
6,2020-10-23 17:15:06.653621,86
36,2020-10-23 17:15:12.484473,87
2,2020-10-23 17:15:21.860813,89
3,2020-10-23 17:15:28.381505,90
1,2020-10-23 17:15:30.823766,91
10,2020-10-23 17:15:33.048079,92
31,2020-10-23 17:15:39.167191,93
33,2020-10-23 17:15:44.396542,94
33,2020-10-23 17:15:47.543851,95
24,2020-10-23 17:15:51.174742,96
24,2020-10-23 17:15:51.990205,97
0,2020-10-23 17:15:55.952756,98
12,2020-10-23 17:16:04.238268,99
9,2020-10-23 17:16:07.380477,100
8,2020-10-23 17:16:09.446703,101
13,2020-10-23 17:16:14.164293,102
10,2020-10-23 17:16:17.550480,103
1,2020-10-23 17:16:20.505384,104
11,2020-10-23 17:16:23.661755,105
22,2020-10-23 17:16:26.133667,106
10,2020-10-23 17:16:29.973590,107
24,2020-10-23 17:16:32.167394,108
24,2020-10-23 17:16:34.362332,109
23,2020-10-23 17:16:38.695564,110
7,2020-10-23 17:16:42.666501,111
8,2020-10-23 17:16:44.894218,112
26,2020-10-23 17:16:48.486844,113
34,2020-10-23 17:16:51.330832,114
19,2020-10-23 17:17:17.314323,115
9,2020-10-23 17:17:21.352251,116
34,2020-10-23 17:17:23.379140,117
10,2020-10-23 17:17:26.729870,118
30,2020-10-23 17:17:28.496469,119
27,2020-10-23 17:17:31.716569,120
9,2020-10-23 17:17:44.177176,121
7,2020-10-23 17:17:45.994246,122
2,2020-10-23 17:17:48.084488,123
1,2020-10-23 17:17:51.136280,124
3,2020-10-23 17:17:56.782025,125
16,2020-10-23 17:18:00.462553,126
33,2020-10-23 17:18:03.816740,127
12,2020-10-23 17:18:10.007632,128
13,2020-10-23 17:18:13.200960,129
2,2020-10-23 17:18:19.181665,130
22,2020-10-23 17:18:22.379390,131
35,2020-10-23 17:18:25.976003,132
18,2020-10-23 17:18:30.594905,133
34,2020-10-23 17:18:34.853815,134
18,2020-10-23 17:18:40.455133,135
5,2020-10-23 17:18:42.505205,136
34,2020-10-23 17:18:45.551791,137
13,2020-10-23 17:18:48.733188,138
25,2020-10-23 17:18:51.208645,139
20,2020-10-23 17:18:56.913830,140
35,2020-10-23 17:19:01.958803,141
27,2020-10-23 17:19:04.896317,142
31,2020-10-23 17:19:07.737241,143
9,2020-10-23 17:19:11.069195,144
11,2020-10-23 17:19:15.591896,145
25,2020-10-23 17:19:19.383519,146
34,2020-10-23 17:19:21.757922,147
32,2020-10-23 17:19:25.817622,148
5,2020-10-23 17:19:30.334851,149
7,2020-10-23 17:19:33.216234,150
24,2020-10-23 17:19:35.051335,151
15,2020-10-23 17:19:37.137273,152
19,2020-10-23 17:19:40.691165,153
18,2020-10-23 17:19:44.004327,154
21,2020-10-23 17:19:46.912705,155
11,2020-10-23 17:19:50.825553,156
3,2020-10-23 17:19:54.704896,157
26,2020-10-23 17:21:14.638420,158
4,2020-10-23 17:22:38.158211,163
16,2020-10-23 17:22:40.144867,164
11,2020-10-23 17:22:41.927703,165
2,2020-10-23 17:22:45.491101,166
28,2020-10-23 17:22:48.560565,167
27,2020-10-23 17:22:50.961662,168
3,2020-10-23 17:22:53.060405,169
1,2020-10-23 17:22:55.451100,170
22,2020-10-23 17:22:58.342718,171
26,2020-10-23 17:23:03.186949,172
22,2020-10-23 17:23:05.168054,173
10,2020-10-23 17:23:07.057665,174
2,2020-10-23 17:23:08.368150,175
1,2020-10-23 17:23:08.891424,176
33,2020-10-23 17:23:17.618317,177
20,2020-10-23 17:23:22.238669,178
5,2020-10-23 17:23:25.879821,179
35,2020-10-23 17:23:30.568853,180
28,2020-10-23 17:23:34.134702,181
7,2020-10-23 17:23:37.299005,182
4,2020-10-23 17:23:44.278675,183
33,2020-10-23 17:23:48.841556,184
7,2020-10-23 17:23:50.290869,185
9,2020-10-23 17:23:52.668004,186
11,2020-10-23 18:38:58.323959,1
33,2020-10-23 18:38:59.987550,2
1,2020-10-23 18:39:06.479527,3
16,2020-10-23 18:39:08.511086,4
36,2020-10-23 18:39:10.509953,5
29,2020-10-23 18:39:12.575916,6
28,2020-10-23 18:39:22.317219,7
5,2020-10-23 18:39:24.275141,8
32,2020-10-23 18:39:38.589512,9
29,2020-10-23 18:39:46.188672,10
18,2020-10-23 18:39:48.240884,11
12,2020-10-23 18:39:50.155038,12
21,2020-10-23 18:39:57.445292,13
2,2020-10-23 18:40:57.056754,18
23,2020-10-23 18:40:59.730010,19
36,2020-10-23 18:41:03.593453,20
6,2020-10-23 18:41:05.912364,21
6,2020-10-23 18:41:06.611305,22
9,2020-10-23 18:41:11.915045,23
17,2020-10-23 18:41:13.598524,24
21,2020-10-23 18:41:17.818186,25
21,2020-10-23 18:41:23.424726,26
29,2020-10-23 18:41:31.061912,27
26,2020-10-23 18:42:01.563245,28
7,2020-10-23 18:42:03.137846,29
3,2020-10-23 18:42:04.366240,30
10,2020-10-23 18:42:07.155211,31
2,2020-10-23 18:42:10.098330,32
15,2020-10-23 18:42:12.911442,33
31,2020-10-23 18:42:18.893463,34
19,2020-10-23 18:42:21.791899,35
33,2020-10-23 18:42:25.501903,36
22,2020-10-23 18:42:32.375700,37
0,2020-10-23 18:42:35.514892,38
14,2020-10-23 18:42:38.453237,39
12,2020-10-23 18:42:42.100508,40
3,2020-10-23 18:42:47.331576,41
35,2020-10-23 18:43:09.132858,42
24,2020-10-23 18:43:10.583105,43
20,2020-10-23 18:43:12.492897,44
30,2020-10-23 18:44:10.539327,46
16,2020-10-23 18:44:15.197354,47
36,2020-10-23 18:44:18.284637,48
9,2020-10-23 18:44:20.690807,49
35,2020-10-23 18:44:24.673989,50
12,2020-10-23 18:44:59.467248,55
21,2020-10-23 18:45:09.086318,56
18,2020-10-23 18:45:12.258329,57
31,2020-10-23 18:45:15.816694,58
18,2020-10-23 18:45:21.144394,59
12,2020-10-23 18:45:30.430989,60
31,2020-10-23 18:45:39.638742,61
8,2020-10-23 18:45:41.586115,62
1,2020-10-23 18:45:43.461581,63
4,2020-10-23 18:45:46.037217,64
29,2020-10-23 18:45:47.764407,65
33,2020-10-23 18:45:50.130642,66
0,2020-10-23 18:45:52.711409,67
12,2020-10-23 18:45:58.381941,68
10,2020-10-23 18:46:10.091379,69
23,2020-10-23 18:46:14.693853,70
17,2020-10-23 18:46:16.793050,71
21,2020-10-23 18:46:19.757749,72
8,2020-10-23 18:46:30.472732,73
8,2020-10-23 18:46:35.001422,74
19,2020-10-23 18:46:37.408274,75
25,2020-10-23 18:46:40.883979,76
0,2020-10-23 18:46:42.985975,77
7,2020-10-23 18:46:45.339206,78
18,2020-10-23 18:46:51.671470,79
7,2020-10-23 18:46:57.190255,80
2,2020-10-23 18:47:03.410899,81
16,2020-10-23 18:47:07.405697,82
4,2020-10-23 18:47:10.024871,83
12,2020-10-23 18:47:13.580204,84
6,2020-10-23 18:47:18.535419,85
9,2020-10-23 18:47:21.065582,86
26,2020-10-23 18:47:39.561405,87
7,2020-10-23 18:47:42.692447,88
23,2020-10-23 18:47:48.228289,89
24,2020-10-23 18:47:49.861500,90
19,2020-10-23 18:47:52.443545,91
32,2020-10-23 18:47:55.498914,92
24,2020-10-23 18:47:58.517549,93
1,2020-10-23 18:48:00.588281,94
21,2020-10-23 18:48:04.102341,95
32,2020-10-23 18:48:06.544631,96
17,2020-10-23 18:48:10.163080,97
19,2020-10-23 18:48:12.435258,98
14,2020-10-23 18:48:16.828238,99
7,2020-10-23 18:48:20.077984,100
0,2020-10-23 18:48:22.257648,101
8,2020-10-23 18:48:25.444735,102
9,2020-10-23 18:48:26.953030,103
14,2020-10-23 18:48:29.877981,104
12,2020-10-23 18:48:31.296270,105
28,2020-10-23 18:48:36.281231,106
15,2020-10-23 18:48:39.378303,107
28,2020-10-23 18:48:40.888330,108
32,2020-10-23 18:48:43.221226,109
2,2020-10-23 18:48:47.171901,110
6,2020-10-23 18:48:49.515311,111
14,2020-10-23 18:48:51.404830,112
8,2020-10-23 18:48:53.742288,113
4,2020-10-23 18:48:56.407433,114
5,2020-10-23 18:49:01.838426,115
8,2020-10-23 18:49:04.988925,116
9,2020-10-23 18:49:11.447492,117
15,2020-10-23 18:49:20.686602,118
33,2020-10-23 18:49:26.517275,119
4,2020-10-23 18:49:28.887763,120
33,2020-10-23 18:49:32.360390,121
14,2020-10-23 18:49:37.478466,122
26,2020-10-23 18:49:44.710938,123
1,2020-10-23 18:49:47.077757,124
2,2020-10-23 18:49:48.266297,125
18,2020-10-23 18:49:51.475936,126
35,2020-10-23 18:49:53.180657,127
11,2020-10-23 18:49:55.451789,128
7,2020-10-23 18:49:57.897152,129
13,2020-10-23 18:50:17.620673,130
18,2020-10-23 20:43:02.269222,1
8,2020-10-23 20:43:04.324633,2
30,2020-10-23 20:43:13.603603,3
21,2020-10-23 20:43:18.954279,4
18,2020-10-23 20:43:21.485802,5
13,2020-10-23 20:43:27.086038,6
6,2020-10-23 20:43:29.584139,7
4,2020-10-23 20:43:32.121022,8
13,2020-10-23 20:43:36.154312,9
11,2020-10-23 20:43:38.904207,10
31,2020-10-23 20:43:45.024024,11
17,2020-10-23 20:43:47.212028,12
28,2020-10-23 20:43:51.457514,13
5,2020-10-23 20:43:56.124071,14
8,2020-10-23 20:43:59.886947,15
15,2020-10-23 20:44:06.985983,16
24,2020-10-23 20:44:09.315740,17
14,2020-10-23 20:44:11.397889,18
16,2020-10-23 20:44:16.062571,19
18,2020-10-23 20:44:18.676224,20
29,2020-10-23 20:44:22.505131,21
23,2020-10-23 20:44:29.081605,22
4,2020-10-23 20:44:32.828041,23
33,2020-10-23 20:44:42.832559,24
23,2020-10-23 20:44:46.715538,25
10,2020-10-23 20:44:48.675016,26
23,2020-10-23 20:44:50.516951,27
30,2020-10-23 20:44:52.440450,28
28,2020-10-23 20:44:55.547344,29
15,2020-10-23 20:44:59.126018,30
9,2020-10-23 20:45:01.658337,31
11,2020-10-23 20:45:04.330191,32
17,2020-10-23 20:45:09.241828,33
18,2020-10-23 20:45:13.290829,34
20,2020-10-23 20:45:16.880214,35
32,2020-10-23 20:45:20.271802,36
23,2020-10-23 20:45:26.714818,37
5,2020-10-23 20:45:30.872892,38
20,2020-10-23 20:45:34.546937,39
5,2020-10-23 20:45:48.607981,40
17,2020-10-23 20:45:52.174760,41
9,2020-10-23 20:45:59.571149,42
7,2020-10-23 20:46:02.452732,43
1,2020-10-23 20:46:04.010652,44
14,2020-10-23 20:46:06.124063,45
6,2020-10-23 20:46:07.618223,46
35,2020-10-23 20:46:10.984947,47
12,2020-10-23 20:46:28.179292,48
22,2020-10-23 20:46:30.275622,49
26,2020-10-23 20:46:39.446682,50
28,2020-10-23 20:46:41.492728,51
13,2020-10-23 20:46:45.661855,52
25,2020-10-23 20:46:49.274459,53
22,2020-10-23 20:46:51.388473,54
19,2020-10-23 20:46:53.255833,55
8,2020-10-23 20:46:56.111968,56
16,2020-10-23 20:46:58.356203,57
28,2020-10-23 20:47:01.023185,58
27,2020-10-23 20:47:02.796786,59
4,2020-10-23 20:47:05.664923,60
11,2020-10-23 20:47:08.832660,61
22,2020-10-23 20:47:11.725871,62
36,2020-10-23 20:47:15.342904,63
35,2020-10-23 20:47:18.383483,64
33,2020-10-23 20:47:20.592840,65
5,2020-10-23 20:47:22.938951,66
11,2020-10-23 20:47:25.444307,67
18,2020-10-23 20:47:29.714692,68
2,2020-10-23 20:47:33.621660,69
14,2020-10-23 20:47:37.856541,70
23,2020-10-23 20:47:43.073204,71
28,2020-10-23 20:47:48.823899,72
10,2020-10-23 20:47:51.801393,73
15,2020-10-23 20:47:55.828868,74
36,2020-10-23 20:47:57.424600,75
0,2020-10-23 20:47:59.732605,76
7,2020-10-23 20:48:02.256055,77
15,2020-10-23 20:48:03.971656,78
9,2020-10-23 20:48:06.058990,79
15,2020-10-23 20:48:08.488933,80
13,2020-10-23 20:48:15.525052,81
6,2020-10-23 20:48:18.143955,82
16,2020-10-23 20:48:22.702305,83
10,2020-10-23 20:48:26.176030,84
12,2020-10-23 20:48:29.012674,85
2,2020-10-23 20:48:31.644207,86
2,2020-10-23 20:48:36.080495,87
19,2020-10-23 20:48:39.537268,88
16,2020-10-23 20:48:42.728277,89
3,2020-10-23 20:49:05.723980,90
13,2020-10-23 20:49:08.334038,91
30,2020-10-23 20:49:37.771447,93
3,2020-10-23 20:49:40.462446,94
17,2020-10-23 20:49:41.864679,95
28,2020-10-23 20:49:47.364399,96
28,2020-10-23 20:49:48.434936,97
21,2020-10-23 20:49:51.910266,98
24,2020-10-23 20:50:10.508546,99
8,2020-10-23 20:50:14.288706,100
36,2020-10-23 20:50:23.678651,101
21,2020-10-23 20:50:28.099621,102
30,2020-10-23 20:50:32.077956,103
4,2020-10-23 20:50:34.803194,104
33,2020-10-23 20:50:40.763601,105
28,2020-10-23 20:50:44.823015,106
31,2020-10-23 20:50:50.374929,107
13,2020-10-23 20:50:55.473464,108
5,2020-10-23 20:50:59.059797,109
16,2020-10-23 20:51:02.871407,110
5,2020-10-23 20:51:07.010667,111
13,2020-10-23 20:51:13.981479,112
22,2020-10-23 20:51:17.446037,113
27,2020-10-23 20:51:19.003144,114
26,2020-10-23 20:51:21.820414,115
8,2020-10-23 20:51:26.089516,116
15,2020-10-23 20:51:28.339134,117
20,2020-10-23 20:51:31.369878,118
0,2020-10-23 20:51:33.570470,119
13,2020-10-23 20:51:36.677560,120
33,2020-10-23 20:51:40.339333,121
12,2020-10-23 20:51:43.922499,122
27,2020-10-23 20:51:46.877994,123
11,2020-10-23 20:51:49.225194,124
32,2020-10-23 20:51:52.762248,125
32,2020-10-23 20:51:55.517108,126
25,2020-10-23 20:51:57.744285,127
21,2020-10-23 20:52:00.238307,128
13,2020-10-23 20:52:02.753291,129
34,2020-10-23 20:52:04.954432,130
10,2020-10-23 20:52:07.185211,131
9,2020-10-23 20:52:08.019348,132
25,2020-10-23 20:52:11.768274,133
34,2020-10-23 20:52:13.669193,134
7,2020-10-23 20:52:16.088140,135
28,2020-10-23 20:52:19.775991,136
2,2020-10-23 20:52:22.396280,137
24,2020-10-23 20:52:24.806161,138
23,2020-10-23 20:52:27.132436,139
17,2020-10-23 20:52:29.276017,140
25,2020-10-23 20:52:31.276752,141
3,2020-10-23 20:52:33.271304,142
34,2020-10-23 20:52:36.148382,143
4,2020-10-23 20:52:41.700672,144
33,2020-10-23 20:52:49.655955,145
30,2020-10-23 20:52:54.509830,146
16,2020-10-23 20:52:56.390917,147
36,2020-10-23 20:52:58.464695,148
6,2020-10-23 20:53:00.410082,149
19,2020-10-23 20:53:02.340411,150
33,2020-10-23 20:53:06.945925,151
26,2020-10-23 20:53:11.462116,152
5,2020-10-23 20:53:14.679914,153
4,2020-10-23 20:53:15.718318,154
21,2020-10-23 20:53:17.212973,155
10,2020-10-23 22:38:49.328967,1
32,2020-10-23 22:38:54.823555,2
0,2020-10-23 22:38:57.654652,3
26,2020-10-23 22:39:01.722897,4
8,2020-10-23 22:39:14.955618,5
19,2020-10-23 22:39:16.325881,6
16,2020-10-23 22:39:19.382317,7
12,2020-10-23 22:39:21.986704,8
1,2020-10-23 22:39:23.653589,9
28,2020-10-23 22:39:26.782527,10
11,2020-10-23 22:39:31.542448,11
19,2020-10-23 22:39:33.485322,12
0,2020-10-23 22:39:34.916968,13
2,2020-10-23 22:39:38.652862,14
34,2020-10-23 22:39:43.856376,15
30,2020-10-23 22:39:55.793308,16
4,2020-10-23 22:39:58.967548,17
3,2020-10-23 22:40:03.055328,18
11,2020-10-23 22:40:05.686569,19
26,2020-10-23 22:40:12.236023,20
15,2020-10-23 22:40:16.960445,21
15,2020-10-23 22:40:32.625418,24
2,2020-10-23 22:40:33.848325,25
12,2020-10-23 22:40:37.027599,26
34,2020-10-23 22:40:41.720466,27
30,2020-10-23 22:40:43.247276,28
6,2020-10-23 22:40:45.146623,29
5,2020-10-23 22:40:58.709615,30
6,2020-10-23 22:40:59.226317,31
9,2020-10-23 22:41:02.870663,32
15,2020-10-23 22:41:05.721397,33
6,2020-10-23 22:41:11.737117,34
19,2020-10-23 22:41:13.216330,35
3,2020-10-23 22:41:16.033459,36
27,2020-10-23 22:41:20.720089,37
7,2020-10-23 22:41:24.664668,38
30,2020-10-23 22:41:27.984866,39
30,2020-10-23 22:41:33.410402,40
18,2020-10-23 22:41:35.325390,41
24,2020-10-23 22:41:40.800843,42
26,2020-10-23 22:41:58.484528,43
14,2020-10-23 22:41:59.769404,44
11,2020-10-23 22:42:02.542072,45
3,2020-10-23 22:42:03.537966,46
17,2020-10-23 22:42:07.399534,47
34,2020-10-23 22:42:10.536739,48
31,2020-10-23 22:42:16.292249,49
14,2020-10-23 22:42:20.289301,50
16,2020-10-23 22:42:24.403784,51
13,2020-10-23 22:42:26.692460,52
23,2020-10-23 22:42:33.249578,53
21,2020-10-23 22:42:34.730255,54
4,2020-10-23 22:42:35.512513,55
26,2020-10-23 22:42:43.264394,56
5,2020-10-23 22:42:53.318613,57
27,2020-10-23 22:42:55.490591,58
7,2020-10-23 22:42:59.383123,59
1,2020-10-23 22:43:01.308116,60
13,2020-10-23 22:43:10.528351,61
5,2020-10-23 22:43:19.733122,62
15,2020-10-23 22:43:23.150130,63
28,2020-10-23 22:43:26.407317,64
3,2020-10-23 22:43:29.309493,65
34,2020-10-23 22:43:31.290194,66
19,2020-10-23 22:43:34.549669,67
23,2020-10-23 22:43:39.295088,68
21,2020-10-23 22:43:49.623092,69
4,2020-10-23 22:43:50.488219,70
26,2020-10-23 22:43:54.962897,71
5,2020-10-23 22:44:01.289434,72
27,2020-10-23 22:44:03.872126,73
7,2020-10-23 22:44:06.086500,74
1,2020-10-23 22:44:07.064509,75
13,2020-10-23 22:44:12.570469,76
5,2020-10-23 22:44:15.243537,77
15,2020-10-23 22:44:19.726374,78
28,2020-10-23 22:44:23.726793,79
3,2020-10-23 22:44:26.977000,80
34,2020-10-23 22:44:32.248570,81
19,2020-10-23 22:44:39.688168,82
23,2020-10-23 22:44:41.439818,83
12,2020-10-23 22:44:47.139546,84
9,2020-10-23 22:44:49.357003,85
15,2020-10-23 22:44:56.119850,86
32,2020-10-23 22:45:08.600373,87
29,2020-10-23 22:45:14.617333,88
1,2020-10-23 22:45:16.476420,89
27,2020-10-23 22:45:18.130440,90
9,2020-10-23 22:45:20.405472,91
29,2020-10-23 22:45:29.055380,92
31,2020-10-23 22:45:32.589078,93
8,2020-10-23 22:45:36.803771,94
29,2020-10-23 22:45:37.930350,95
21,2020-10-23 22:45:43.212398,96
21,2020-10-23 22:45:46.533084,97
16,2020-10-23 22:46:20.516260,98
14,2020-10-23 22:46:22.629984,99
6,2020-10-23 22:46:24.009255,100
8,2020-10-23 22:46:27.966541,101
31,2020-10-23 22:46:45.571164,102
25,2020-10-23 22:46:47.271441,103
8,2020-10-23 22:46:49.050917,104
7,2020-10-23 22:47:00.034268,105
23,2020-10-23 22:47:04.858598,106
30,2020-10-23 22:47:09.532103,107
36,2020-10-23 22:47:11.312147,108
5,2020-10-23 22:47:13.350823,109
24,2020-10-23 22:47:16.896147,110
10,2020-10-23 22:47:25.251279,111
36,2020-10-23 22:47:26.941977,112
9,2020-10-23 22:47:28.942205,113
18,2020-10-23 22:47:52.097024,114
6,2020-10-23 22:47:54.255232,115
11,2020-10-23 22:47:56.891149,116
12,2020-10-23 22:47:59.104028,117
30,2020-10-23 22:48:03.671133,118
36,2020-10-23 22:48:09.069166,119
17,2020-10-23 22:48:11.027451,120
9,2020-10-23 22:48:12.783345,121
19,2020-10-23 22:48:16.746790,122
16,2020-10-23 22:48:19.764307,123
3,2020-10-23 22:48:27.997154,124
9,2020-10-23 22:48:31.064042,125
24,2020-10-23 22:48:46.789321,126
18,2020-10-23 22:48:52.044808,127
6,2020-10-23 22:49:01.462800,128
36,2020-10-23 22:49:05.533844,129
10,2020-10-23 22:49:08.216771,130
10,2020-10-23 22:49:11.602554,131
36,2020-10-23 22:49:18.890497,132
17,2020-10-23 22:49:23.036578,133
9,2020-10-23 22:49:24.417671,134
19,2020-10-23 22:49:37.559092,135
16,2020-10-23 22:49:42.317121,136
3,2020-10-23 22:50:50.186793,141
9,2020-10-23 22:50:52.466015,142
24,2020-10-23 22:50:57.238847,143
18,2020-10-23 22:51:01.708309,144
6,2020-10-23 22:51:03.784146,145
36,2020-10-23 22:51:05.233780,146
10,2020-10-23 22:51:07.118059,147
10,2020-10-23 22:51:08.016962,148
36,2020-10-23 22:51:11.665309,149
21,2020-10-23 22:51:24.816771,150
22,2020-10-23 22:51:26.788427,151
3,2020-10-23 22:51:29.389533,152
30,2020-10-23 22:51:31.244015,153
26,2020-10-23 22:51:38.865053,154
26,2020-10-23 22:51:40.111162,155
21,2020-10-23 22:51:42.047634,156
15,2020-10-23 22:51:45.519914,157
36,2020-10-23 22:51:48.712687,158
0,2020-10-23 22:51:50.479725,159
0,2020-10-23 22:51:51.121370,160
12,2020-10-23 22:51:53.971753,161
9,2020-10-23 22:51:58.671844,162
8,2020-10-23 22:52:01.849667,163
4,2020-10-23 22:52:06.371705,164
26,2020-10-23 22:52:11.757581,165
17,2020-10-23 22:52:14.525346,166
11,2020-10-23 22:52:15.993132,167
22,2020-10-23 22:52:18.128413,168
32,2020-10-23 22:52:21.373629,169
1,2020-10-23 22:52:23.412151,170
28,2020-10-23 22:52:27.830173,171
24,2020-10-23 22:52:29.749619,172
19,2020-10-23 22:52:32.902520,173
20,2020-10-23 22:52:39.338861,174
6,2020-10-23 22:52:41.540960,175
34,2020-10-23 22:52:45.309384,176
30,2020-10-23 22:52:47.209707,177
2,2020-10-23 22:52:49.276044,178
16,2020-10-23 22:52:55.510782,179
2,2020-10-23 22:53:01.212040,180
16,2020-10-23 22:53:02.494088,181
13,2020-10-23 22:53:04.760086,182
2,2020-10-23 22:53:07.193853,183
3,2020-10-23 22:53:08.350989,184
1,2020-10-23 22:53:10.745098,185
36,2020-10-23 22:53:16.689075,186
31,2020-10-23 22:53:31.671154,187
2,2020-10-23 22:53:35.610825,188
8,2020-10-23 22:53:41.048490,189
34,2020-10-23 22:53:44.064499,190
17,2020-10-23 22:53:48.084897,191
23,2020-10-23 22:53:52.152846,192
30,2020-10-23 22:53:54.119798,193
4,2020-10-23 22:53:57.113109,194
10,2020-10-23 22:54:00.236725,195
30,2020-10-23 22:54:04.187468,196
3,2020-10-23 22:54:08.221388,197
33,2020-10-23 22:54:11.467727,198
32,2020-10-23 22:55:04.612514,199
16,2020-10-24 17:21:54.082578,1
30,2020-10-24 17:21:58.482876,2
11,2020-10-24 17:22:00.618843,3
23,2020-10-24 17:22:02.261520,4
20,2020-10-24 17:22:04.274950,5
7,2020-10-24 17:22:07.287981,6
11,2020-10-24 17:22:11.457981,7
4,2020-10-24 17:22:19.379527,8
17,2020-10-24 17:22:22.298569,9
36,2020-10-24 17:22:24.628792,10
4,2020-10-24 17:22:29.151245,11
27,2020-10-24 17:22:35.174489,12
24,2020-10-24 17:22:37.613491,13
25,2020-10-24 17:22:41.371186,14
15,2020-10-24 17:22:44.487083,15
36,2020-10-24 17:22:50.506453,16
21,2020-10-24 17:22:58.094477,17
15,2020-10-24 17:23:01.908347,18
23,2020-10-24 17:23:05.015878,19
0,2020-10-24 17:23:07.198296,20
32,2020-10-24 17:23:09.268184,21
11,2020-10-24 17:23:11.743075,22
35,2020-10-24 17:23:15.858807,23
30,2020-10-24 17:23:19.530584,24
10,2020-10-24 17:23:22.032676,25
24,2020-10-24 17:23:25.800512,26
15,2020-10-24 17:23:27.651940,27
34,2020-10-24 17:23:29.331325,28
21,2020-10-24 17:23:32.162023,29
19,2020-10-24 17:23:39.447408,30
12,2020-10-24 17:23:41.786996,31
15,2020-10-24 17:23:44.299673,32
20,2020-10-24 17:23:47.815199,33
6,2020-10-24 17:23:50.791684,34
19,2020-10-24 17:24:18.337863,37
29,2020-10-24 17:24:27.227414,38
10,2020-10-24 17:24:29.543148,39
1,2020-10-24 17:24:31.392326,40
23,2020-10-24 17:24:34.020319,41
21,2020-10-24 17:24:37.487560,42
27,2020-10-24 17:24:38.967131,43
12,2020-10-24 17:24:43.589452,44
30,2020-10-24 17:24:50.924241,45
25,2020-10-24 17:24:55.196306,46
20,2020-10-24 17:25:00.127550,47
17,2020-10-24 17:25:10.762786,48
13,2020-10-24 17:25:13.027725,49
33,2020-10-24 17:25:16.530178,50
14,2020-10-24 17:25:18.452395,51
31,2020-10-24 17:25:24.790371,52
6,2020-10-24 17:25:28.242108,53
33,2020-10-24 17:25:30.743609,54
28,2020-10-24 17:25:34.711315,55
36,2020-10-24 17:25:37.103372,56
30,2020-10-24 17:25:39.964902,57
23,2020-10-24 17:25:43.517035,58
25,2020-10-24 17:25:46.464586,59
22,2020-10-24 17:25:51.184438,60
6,2020-10-24 17:25:54.668467,61
33,2020-10-24 17:25:57.811578,62
4,2020-10-24 17:26:01.669480,63
2,2020-10-24 17:26:02.736067,64
33,2020-10-24 17:26:07.888543,65
11,2020-10-24 17:26:10.094947,66
26,2020-10-24 17:26:14.963214,67
5,2020-10-24 17:26:16.842158,68
31,2020-10-24 17:26:19.910123,69
6,2020-10-24 17:26:22.974194,70
16,2020-10-24 17:26:25.148252,71
33,2020-10-24 17:26:28.211281,72
7,2020-10-24 17:26:43.967756,75
14,2020-10-24 17:26:46.009647,76
6,2020-10-24 17:26:48.074281,77
19,2020-10-24 17:26:49.828274,78
3,2020-10-24 17:26:53.606649,79
4,2020-10-24 17:26:54.910191,80
20,2020-10-24 17:26:56.913398,81
14,2020-10-24 17:26:58.588294,82
11,2020-10-24 17:27:00.443518,83
19,2020-10-24 17:27:04.226826,84
28,2020-10-24 17:27:05.704203,85
22,2020-10-24 17:27:08.786275,86
20,2020-10-24 17:27:19.772337,87
20,2020-10-24 17:27:25.502174,88
29,2020-10-24 17:27:27.238218,89
35,2020-10-24 17:27:32.605870,90
36,2020-10-24 17:27:34.961758,91
25,2020-10-24 17:27:40.372642,92
2,2020-10-24 17:27:43.083020,93
17,2020-10-24 17:27:51.244642,94
1,2020-10-24 17:27:55.870694,95
23,2020-10-24 17:28:05.784340,96
3,2020-10-24 17:28:08.301041,97
2,2020-10-24 17:28:11.972180,98
31,2020-10-24 17:28:14.281095,99
10,2020-10-24 17:28:16.241211,100
16,2020-10-24 17:28:19.713507,101
26,2020-10-24 17:28:45.499147,102
7,2020-10-24 17:28:59.749242,103
36,2020-10-24 17:29:00.983985,104
0,2020-10-24 17:29:02.696054,105
13,2020-10-24 17:29:05.007084,106
30,2020-10-24 17:29:07.942512,107
11,2020-10-24 17:29:10.784037,108
15,2020-10-24 17:29:18.964985,109
30,2020-10-24 17:29:24.342279,110
5,2020-10-24 17:29:28.735238,111
20,2020-10-24 17:29:34.427122,112
24,2020-10-24 17:29:38.626745,113
17,2020-10-24 17:29:40.381294,114
1,2020-10-24 17:29:42.506811,115
34,2020-10-24 17:29:45.524917,116
17,2020-10-24 17:29:47.619051,117
11,2020-10-24 17:29:50.191274,118
12,2020-10-24 17:29:51.949862,119
36,2020-10-24 17:29:54.186875,120
34,2020-10-24 17:29:55.796595,121
25,2020-10-24 17:29:59.647000,122
27,2020-10-24 17:30:01.737149,123
32,2020-10-24 17:30:04.045568,124
36,2020-10-24 17:30:09.627234,125
22,2020-10-24 17:30:14.186429,126
4,2020-10-24 17:30:16.613473,127
17,2020-10-24 17:30:21.932995,128
31,2020-10-24 17:30:25.517107,129
31,2020-10-24 17:30:26.183656,130
21,2020-10-24 17:30:29.775589,131
29,2020-10-24 17:30:32.931999,132
24,2020-10-24 17:30:36.649037,133
15,2020-10-24 17:30:41.479330,134
6,2020-10-24 17:30:46.971271,135
29,2020-10-24 17:30:50.855930,136
25,2020-10-24 17:31:08.362206,138
6,2020-10-24 17:31:10.217183,139
20,2020-10-24 17:31:14.380632,140
17,2020-10-24 17:31:15.947292,141
23,2020-10-24 17:31:17.530980,142
24,2020-10-24 17:31:19.763062,143
36,2020-10-24 17:31:24.667025,144
15,2020-10-24 17:31:54.071801,145
3,2020-10-24 17:31:58.979937,146
12,2020-10-24 17:32:01.579195,147
35,2020-10-24 17:32:04.556500,148
33,2020-10-24 17:32:08.996661,149
6,2020-10-24 17:32:11.388840,150
16,2020-10-24 17:32:15.993262,151
13,2020-10-24 17:32:19.745276,152
12,2020-10-24 17:32:22.634713,153
23,2020-10-24 17:32:26.143562,154
27,2020-10-24 17:32:34.102928,155
5,2020-10-24 17:32:36.119839,156
15,2020-10-24 17:32:39.702350,157
7,2020-10-24 17:32:42.180037,158
15,2020-10-24 17:32:44.533762,159
32,2020-10-24 17:32:47.669779,160
19,2020-10-24 17:32:51.048179,161
24,2020-10-24 17:32:53.773272,162
2,2020-10-24 17:32:57.599221,163
31,2020-10-24 17:33:02.044771,164
20,2020-10-24 17:33:06.179241,165
11,2020-10-24 17:33:08.934982,166
1,2020-10-24 17:33:10.970121,167
32,2020-10-24 17:33:12.877203,168
9,2020-10-24 17:33:15.071586,169
14,2020-10-24 17:33:24.144715,170
22,2020-10-24 17:33:29.085238,171
9,2020-10-24 17:33:31.674553,172
31,2020-10-24 17:33:34.353988,173
35,2020-10-24 17:33:37.252633,174
0,2020-10-24 17:33:39.012781,175
35,2020-10-24 17:33:42.105672,176
19,2020-10-24 17:33:46.137162,177
10,2020-10-24 17:33:49.253215,178
23,2020-10-24 17:33:53.000815,179
1,2020-10-24 17:33:55.182751,180
30,2020-10-24 17:34:00.053516,181
2,2020-10-24 17:34:03.343332,182
5,2020-10-24 17:34:05.559824,183
4,2020-10-24 17:34:06.319179,184
9,2020-10-24 17:34:17.931906,185
32,2020-10-24 18:51:46.192742,1
35,2020-10-24 18:51:48.780115,2
20,2020-10-24 18:51:51.521291,3
12,2020-10-24 18:51:58.965001,4
3,2020-10-24 18:52:02.536288,5
29,2020-10-24 18:52:06.511492,6
28,2020-10-24 18:52:08.885498,7
4,2020-10-24 18:52:11.383431,8
7,2020-10-24 18:52:14.318113,9
20,2020-10-24 18:52:18.898287,10
20,2020-10-24 18:52:22.823612,11
0,2020-10-24 18:52:23.991172,12
20,2020-10-24 18:52:24.872797,13
36,2020-10-24 18:52:28.357950,14
10,2020-10-24 18:52:32.638869,15
27,2020-10-24 18:52:36.627727,16
28,2020-10-24 18:52:38.144718,17
10,2020-10-24 18:52:39.598113,18
16,2020-10-24 18:52:44.087351,19
2,2020-10-24 18:52:45.490894,20
21,2020-10-24 18:52:47.592666,21
22,2020-10-24 18:55:45.891296,31
35,2020-10-24 18:55:48.724394,32
5,2020-10-24 18:55:52.645939,33
30,2020-10-24 18:55:56.761990,34
3,2020-10-24 18:55:58.899456,35
30,2020-10-24 18:56:01.358474,36
18,2020-10-24 18:56:02.216115,37
22,2020-10-24 18:56:04.966631,38
15,2020-10-24 18:56:08.068304,39
18,2020-10-24 18:56:12.569914,40
12,2020-10-24 18:56:16.868405,41
20,2020-10-24 18:56:23.419032,42
15,2020-10-24 18:56:27.301729,43
25,2020-10-24 18:56:35.578194,44
28,2020-10-24 18:56:38.427428,45
14,2020-10-24 18:56:51.628673,46
19,2020-10-24 18:56:53.146270,47
14,2020-10-24 18:56:54.404766,48
14,2020-10-24 18:56:54.964445,49
30,2020-10-24 18:57:00.805530,50
19,2020-10-24 18:57:04.876776,51
0,2020-10-24 18:57:06.953010,52
20,2020-10-24 18:57:15.981615,53
20,2020-10-24 18:57:16.447473,54
16,2020-10-24 18:57:20.658568,55
18,2020-10-24 18:57:33.646955,57
0,2020-10-24 18:57:36.235694,58
17,2020-10-24 18:57:41.272141,59
18,2020-10-24 18:57:44.022319,60
3,2020-10-24 18:57:51.107557,61
24,2020-10-24 18:57:52.842961,62
18,2020-10-24 18:57:57.144831,63
14,2020-10-24 18:58:01.104478,64
17,2020-10-24 18:58:03.509527,65
29,2020-10-24 18:58:07.339231,66
24,2020-10-24 18:58:09.769177,67
16,2020-10-24 18:58:12.638369,68
8,2020-10-24 18:58:15.415517,69
0,2020-10-24 18:58:18.436612,70
30,2020-10-24 18:58:21.781225,71
12,2020-10-24 18:58:25.059253,72
0,2020-10-24 18:58:42.498167,74
34,2020-10-24 18:58:45.464735,75
10,2020-10-24 18:58:47.231086,76
19,2020-10-24 18:58:54.619684,77
30,2020-10-24 18:58:58.078919,78
8,2020-10-24 18:58:59.682548,79
13,2020-10-24 18:59:13.640540,80
28,2020-10-24 18:59:25.809920,81
36,2020-10-24 18:59:39.645630,82
25,2020-10-24 18:59:43.287649,83
31,2020-10-24 18:59:46.458422,84
32,2020-10-24 18:59:51.356193,85
36,2020-10-24 18:59:52.646785,86
6,2020-10-24 18:59:56.721816,87
23,2020-10-24 18:59:58.465338,88
7,2020-10-24 19:00:01.200771,89
26,2020-10-24 19:00:12.388260,90
21,2020-10-24 19:00:15.622685,91
23,2020-10-24 19:00:20.983914,92
32,2020-10-24 19:00:31.509797,93
14,2020-10-24 19:00:33.797536,94
36,2020-10-24 19:00:38.875010,95
15,2020-10-24 19:00:47.059691,96
18,2020-10-24 19:00:49.631147,97
0,2020-10-24 19:00:52.306357,98
16,2020-10-24 19:00:53.598043,99
9,2020-10-24 19:00:56.774058,100
36,2020-10-24 19:01:00.635387,101
3,2020-10-24 19:01:03.209807,102
4,2020-10-24 19:01:04.528713,103
25,2020-10-24 19:01:06.611110,104
29,2020-10-24 19:01:09.102100,105
9,2020-10-24 19:01:16.632013,106
23,2020-10-24 19:01:23.659294,107
30,2020-10-24 19:01:28.497264,108
17,2020-10-24 19:01:35.249272,109
2,2020-10-24 19:01:37.180972,110
15,2020-10-24 19:01:39.958559,111
31,2020-10-24 19:01:42.234254,112
2,2020-10-24 19:02:31.371083,113
1,2020-10-24 19:02:34.944950,114
29,2020-10-24 19:02:36.716864,115
15,2020-10-24 19:02:39.816598,116
21,2020-10-24 19:02:43.124336,117
1,2020-10-24 19:02:45.199148,118
24,2020-10-24 19:02:51.055329,119
10,2020-10-24 19:02:52.765350,120
11,2020-10-24 19:02:54.586317,121
26,2020-10-24 19:02:58.219593,122
24,2020-10-24 19:03:00.150118,123
23,2020-10-24 19:03:03.728413,124
9,2020-10-24 19:03:05.858918,125
14,2020-10-24 19:03:07.595191,126
23,2020-10-24 19:03:11.077020,127
24,2020-10-24 19:03:16.091287,128
2,2020-10-24 19:03:18.810272,129
23,2020-10-24 19:03:31.367003,130
30,2020-10-24 19:03:35.269993,131
1,2020-10-24 19:03:41.166837,132
29,2020-10-24 19:03:43.877970,133
28,2020-10-24 19:03:44.444182,134
34,2020-10-24 20:36:14.320498,1
26,2020-10-24 20:36:21.512496,2
36,2020-10-24 20:36:25.464009,3
20,2020-10-24 20:36:27.050002,4
31,2020-10-24 20:36:30.018954,5
25,2020-10-24 20:36:37.853566,6
28,2020-10-24 20:36:43.370626,7
4,2020-10-24 20:36:45.273892,8
35,2020-10-24 20:36:49.106855,9
7,2020-10-24 20:36:51.538716,10
6,2020-10-24 20:36:57.181986,11
13,2020-10-24 20:37:00.030519,12
24,2020-10-24 20:37:02.349002,13
4,2020-10-24 20:37:06.143704,14
2,2020-10-24 20:37:08.210907,15
2,2020-10-24 20:37:11.229161,16
3,2020-10-24 20:37:12.920749,17
8,2020-10-24 20:37:15.950826,18
14,2020-10-24 20:37:19.080011,19
29,2020-10-24 20:37:21.933755,20
6,2020-10-24 20:37:23.734246,21
12,2020-10-24 20:37:26.546917,22
33,2020-10-24 20:37:29.921883,23
0,2020-10-24 20:37:46.354261,24
36,2020-10-24 20:37:51.504503,25
5,2020-10-24 20:37:54.248941,26
5,2020-10-24 20:37:55.586719,27
6,2020-10-24 20:37:58.599852,28
29,2020-10-24 20:38:02.089182,29
2,2020-10-24 20:38:03.644499,30
31,2020-10-24 20:38:10.788742,31
2,2020-10-24 20:38:14.595102,32
3,2020-10-24 20:38:16.278149,33
8,2020-10-24 20:38:17.713417,34
34,2020-10-24 20:38:25.835664,35
31,2020-10-24 20:38:32.629665,36
7,2020-10-24 20:38:36.188427,37
14,2020-10-24 20:38:40.586682,38
28,2020-10-24 20:38:43.430229,39
17,2020-10-24 20:38:47.108205,40
13,2020-10-24 20:38:53.290437,41
6,2020-10-24 20:38:56.480437,42
32,2020-10-24 20:39:06.271466,43
6,2020-10-24 20:39:09.233357,44
18,2020-10-24 20:39:12.167338,45
36,2020-10-24 20:39:14.775600,46
33,2020-10-24 20:39:16.485509,47
13,2020-10-24 20:39:18.520804,48
29,2020-10-24 20:39:24.257545,49
30,2020-10-24 20:39:27.444674,50
6,2020-10-24 20:39:30.641743,51
1,2020-10-24 20:39:32.849782,52
0,2020-10-24 20:39:35.735477,53
26,2020-10-24 20:39:45.360648,54
8,2020-10-24 20:39:50.252783,55
25,2020-10-24 20:40:21.016947,57
2,2020-10-24 20:40:25.746731,58
8,2020-10-24 20:40:28.505615,59
32,2020-10-24 20:40:31.966666,60
24,2020-10-24 20:40:34.004320,61
22,2020-10-24 20:40:35.913656,62
15,2020-10-24 20:40:37.810035,63
28,2020-10-24 20:40:41.179481,64
20,2020-10-24 20:40:47.237676,65
16,2020-10-24 20:40:49.593722,66
16,2020-10-24 20:40:50.795179,67
12,2020-10-24 20:40:53.458599,68
11,2020-10-24 20:40:54.968646,69
12,2020-10-24 20:41:54.199342,75
35,2020-10-24 20:41:57.840544,76
36,2020-10-24 20:42:01.046423,77
29,2020-10-24 20:42:03.430316,78
15,2020-10-24 20:42:06.347385,79
29,2020-10-24 20:42:09.917682,80
33,2020-10-24 20:42:20.262781,81
6,2020-10-24 20:42:25.861361,82
16,2020-10-24 20:42:28.188450,83
2,2020-10-24 20:42:32.504591,84
7,2020-10-24 20:42:38.209188,85
28,2020-10-24 20:42:39.660227,86
26,2020-10-24 20:42:52.162302,88
11,2020-10-24 20:42:55.366523,89
27,2020-10-24 20:43:00.992527,90
27,2020-10-24 20:44:49.483170,98
13,2020-10-24 20:44:55.650509,99
15,2020-10-24 20:44:59.003272,100
29,2020-10-24 20:45:26.419453,101
33,2020-10-24 20:45:28.789010,102
6,2020-10-24 20:45:30.438391,103
16,2020-10-24 20:46:07.775144,105
2,2020-10-24 20:46:12.530971,106
7,2020-10-24 20:46:14.822534,107
28,2020-10-24 20:46:18.852186,108
26,2020-10-24 20:46:19.927305,109
11,2020-10-24 20:46:21.300262,110
27,2020-10-24 20:46:22.932084,111
27,2020-10-24 20:46:23.565721,112
13,2020-10-24 20:46:27.234995,113
15,2020-10-24 20:46:29.017998,114
25,2020-10-24 20:46:37.409275,115
13,2020-10-24 20:46:47.832143,116
36,2020-10-24 20:46:51.305110,117
26,2020-10-24 20:47:11.887963,118
12,2020-10-24 20:47:16.078410,119
15,2020-10-24 20:47:17.786872,120
32,2020-10-24 20:47:22.486438,121
9,2020-10-24 20:47:25.377697,122
6,2020-10-24 20:47:30.955038,123
9,2020-10-24 20:47:33.018342,124
7,2020-10-24 20:47:35.453094,125
34,2020-10-24 20:47:53.758548,126
27,2020-10-24 20:47:55.865800,127
8,2020-10-24 20:47:58.403446,128
9,2020-10-24 20:48:00.296866,129
9,2020-10-24 20:48:00.947015,130
27,2020-10-24 20:48:03.649089,131
16,2020-10-24 20:48:07.006096,132
29,2020-10-24 20:48:10.355518,133
19,2020-10-24 20:48:12.466851,134
26,2020-10-24 20:48:19.545210,135
16,2020-10-24 20:48:30.425366,136
10,2020-10-24 20:48:48.709892,137
21,2020-10-24 20:48:53.809056,138
26,2020-10-24 20:49:01.534817,139
26,2020-10-24 20:49:02.086216,140
4,2020-10-24 20:49:05.516805,141
19,2020-10-24 20:49:11.459073,142
34,2020-10-24 20:49:18.562108,143
19,2020-10-24 20:49:21.460239,144
18,2020-10-24 20:49:29.345422,145
13,2020-10-24 20:49:31.702978,146
32,2020-10-24 20:49:34.975718,147
34,2020-10-24 20:49:40.056466,148
6,2020-10-24 20:49:43.435885,149
35,2020-10-24 20:49:46.263771,150
30,2020-10-24 20:49:47.599039,151
12,2020-10-24 20:49:54.410896,152
29,2020-10-24 20:50:03.684107,153
35,2020-10-24 20:50:08.265898,154
14,2020-10-24 20:50:10.077931,155
10,2020-10-24 20:50:11.847096,156
15,2020-10-24 20:50:13.910333,157
3,2020-10-24 20:50:15.478972,158
26,2020-10-24 20:50:22.834475,159
2,2020-10-24 20:50:25.107618,160
19,2020-10-24 20:50:27.243491,161
35,2020-10-24 20:50:38.392032,162
21,2020-10-24 20:50:41.177335,163
4,2020-10-24 20:50:43.419402,164
28,2020-10-24 20:50:45.743557,165
24,2020-10-24 20:50:48.356754,166
3,2020-10-24 20:50:50.636543,167
18,2020-10-24 20:50:53.070493,168
14,2020-10-24 20:50:55.812862,169
9,2020-10-24 20:50:57.849298,170
8,2020-10-24 20:50:59.399896,171
11,2020-10-24 20:51:01.388573,172
27,2020-10-24 20:51:04.840639,173
20,2020-10-24 20:51:13.504650,174
1,2020-10-24 21:56:30.154997,1
9,2020-10-24 21:56:34.281038,2
9,2020-10-24 21:56:34.825853,3
29,2020-10-24 21:56:38.070590,4
25,2020-10-24 21:56:42.816627,5
28,2020-10-24 21:56:48.669452,6
21,2020-10-24 21:56:55.473139,7
34,2020-10-24 21:57:03.707867,8
13,2020-10-24 21:57:06.544772,9
21,2020-10-24 21:57:10.244453,10
11,2020-10-24 21:57:13.302317,11
23,2020-10-24 21:57:15.239147,12
14,2020-10-24 21:57:18.631354,13
9,2020-10-24 21:57:21.233972,14
24,2020-10-24 21:57:25.991261,15
13,2020-10-24 21:57:39.221240,16
6,2020-10-24 21:57:44.472047,17
36,2020-10-24 21:57:48.537917,18
16,2020-10-24 21:57:51.207504,19
25,2020-10-24 21:57:54.270641,20
36,2020-10-24 21:57:56.995698,21
11,2020-10-24 21:57:59.306872,22
10,2020-10-24 21:58:00.982412,23
25,2020-10-24 21:58:03.221981,24
36,2020-10-24 21:58:07.801472,25
28,2020-10-24 21:58:09.881261,26
8,2020-10-24 21:58:13.800013,27
17,2020-10-24 21:58:16.223702,28
35,2020-10-24 21:58:18.407804,29
25,2020-10-24 21:58:21.324623,30
32,2020-10-24 21:58:32.764655,31
20,2020-10-24 21:58:36.049901,32
9,2020-10-24 21:58:38.438457,33
9,2020-10-24 21:58:39.179310,34
17,2020-10-24 21:58:45.105997,35
35,2020-10-24 21:58:47.418417,36
25,2020-10-24 21:58:51.005575,37
10,2020-10-24 21:58:53.591066,38
27,2020-10-24 21:58:55.712573,39
13,2020-10-24 21:58:57.736831,40
18,2020-10-24 21:59:14.932755,41
10,2020-10-24 21:59:16.610458,42
32,2020-10-24 21:59:19.743385,43
26,2020-10-24 21:59:23.002915,44
10,2020-10-24 21:59:26.531750,45
7,2020-10-24 21:59:29.102645,46
29,2020-10-24 21:59:32.302236,47
31,2020-10-24 21:59:34.930675,48
2,2020-10-24 21:59:37.599869,49
15,2020-10-24 21:59:39.807574,50
36,2020-10-24 21:59:43.221190,51
13,2020-10-24 21:59:52.311832,52
16,2020-10-24 21:59:53.846442,53
5,2020-10-24 21:59:55.532071,54
28,2020-10-24 21:59:57.341122,55
8,2020-10-24 21:59:58.883664,56
32,2020-10-24 22:00:01.942926,57
17,2020-10-24 22:00:04.912479,58
35,2020-10-24 22:00:07.198383,59
20,2020-10-24 22:00:11.753882,60
22,2020-10-24 22:00:13.754751,61
33,2020-10-24 22:00:16.995217,62
32,2020-10-24 22:00:24.754217,63
4,2020-10-24 22:00:33.756868,64
0,2020-10-24 22:00:35.270464,65
11,2020-10-24 22:00:38.660592,66
33,2020-10-24 22:00:41.473385,67
5,2020-10-24 22:00:43.471300,68
22,2020-10-24 22:00:46.033572,69
25,2020-10-24 22:00:48.062536,70
11,2020-10-24 22:00:50.877500,71
27,2020-10-24 22:00:53.585833,72
5,2020-10-24 22:00:55.966634,73
8,2020-10-24 22:00:57.729620,74
25,2020-10-24 22:01:02.502001,75
30,2020-10-24 22:01:06.305535,76
3,2020-10-24 22:01:08.021305,77
3,2020-10-24 22:01:08.751282,78
4,2020-10-24 22:01:09.951751,79
27,2020-10-24 22:01:12.069631,80
35,2020-10-24 22:01:15.640062,81
29,2020-10-24 22:01:17.474037,82
7,2020-10-24 22:01:20.117977,83
2,2020-10-24 22:01:24.501704,84
5,2020-10-24 22:01:25.535891,85
2,2020-10-24 22:01:27.986529,86
15,2020-10-24 22:01:29.999992,87
5,2020-10-24 22:01:34.848616,88
34,2020-10-24 22:01:37.487729,89
16,2020-10-24 22:01:39.518414,90
11,2020-10-24 22:01:42.009552,91
31,2020-10-24 22:01:45.860686,92
21,2020-10-24 22:01:47.680433,93
34,2020-10-24 22:01:59.875573,94
6,2020-10-24 22:02:02.290433,95
27,2020-10-24 22:02:04.108460,96
25,2020-10-24 22:02:06.542430,97
35,2020-10-24 22:02:08.547804,98
34,2020-10-24 22:02:45.058612,99
17,2020-10-24 23:01:31.384358,1
1,2020-10-24 23:01:35.993383,2
18,2020-10-24 23:01:41.277182,3
8,2020-10-24 23:01:42.374193,4
20,2020-10-24 23:01:43.619026,5
16,2020-10-24 23:01:47.127667,6
33,2020-10-24 23:01:49.497010,7
9,2020-10-24 23:01:52.086458,8
18,2020-10-24 23:02:00.097453,9
7,2020-10-24 23:02:03.816902,10
8,2020-10-24 23:02:08.256127,11
5,2020-10-24 23:02:11.799163,12
19,2020-10-24 23:02:13.919938,13
31,2020-10-24 23:02:24.561481,14
27,2020-10-24 23:02:27.292472,15
24,2020-10-24 23:02:29.663000,16
34,2020-10-24 23:02:32.116445,17
18,2020-10-24 23:02:34.064834,18
34,2020-10-24 23:02:39.125541,19
12,2020-10-24 23:02:41.745185,20
23,2020-10-24 23:02:48.036244,21
24,2020-10-24 23:02:50.500544,22
4,2020-10-24 23:02:54.250533,23
16,2020-10-24 23:04:28.429431,34
3,2020-10-24 23:04:29.763841,35
5,2020-10-24 23:04:37.559315,36
36,2020-10-24 23:04:39.634726,37
15,2020-10-24 23:04:41.100396,38
19,2020-10-24 23:04:42.826108,39
31,2020-10-24 23:04:45.853868,40
15,2020-10-24 23:04:48.201230,41
6,2020-10-24 23:04:49.899152,42
4,2020-10-24 23:04:51.588831,43
9,2020-10-24 23:04:54.355385,44
21,2020-10-24 23:04:57.922386,45
31,2020-10-24 23:05:02.204099,46
34,2020-10-24 23:05:04.352206,47
1,2020-10-24 23:05:06.117516,48
7,2020-10-24 23:05:09.593887,49
7,2020-10-24 23:05:10.130564,50
10,2020-10-24 23:05:11.583276,51
5,2020-10-24 23:05:13.916452,52
32,2020-10-24 23:05:25.563386,53
15,2020-10-24 23:05:27.558407,54
6,2020-10-24 23:05:28.750248,55
20,2020-10-24 23:05:32.064497,56
32,2020-10-24 23:05:35.553980,57
36,2020-10-24 23:05:41.500283,58
14,2020-10-24 23:05:43.530954,59
28,2020-10-24 23:05:45.873492,60
31,2020-10-24 23:05:48.583115,61
5,2020-10-24 23:05:51.639849,62
6,2020-10-24 23:05:54.124399,63
4,2020-10-24 23:05:55.893325,64
20,2020-10-24 23:06:04.161274,65
13,2020-10-24 23:06:05.931564,66
7,2020-10-24 23:06:09.080418,67
14,2020-10-24 23:06:13.019124,68
15,2020-10-24 23:06:15.727075,69
16,2020-10-24 23:06:17.454037,70
30,2020-10-24 23:06:20.854033,71
9,2020-10-24 23:06:22.890950,72
12,2020-10-24 23:06:25.698537,73
28,2020-10-24 23:06:31.592967,74
25,2020-10-24 23:06:34.659179,75
14,2020-10-24 23:06:39.161763,76
7,2020-10-24 23:06:41.602361,77
6,2020-10-24 23:06:43.315683,78
24,2020-10-24 23:06:50.521513,79
15,2020-10-24 23:06:55.961135,80
14,2020-10-24 23:06:59.131511,81
34,2020-10-24 23:07:01.476351,82
18,2020-10-24 23:07:04.928417,83
0,2020-10-24 23:07:06.769678,84
15,2020-10-24 23:07:08.750157,85
14,2020-10-24 23:07:12.011884,86
8,2020-10-24 23:07:16.002754,87
2,2020-10-24 23:07:18.036674,88
21,2020-10-24 23:07:20.586821,89
0,2020-10-24 23:07:23.593909,90
22,2020-10-24 23:07:30.059598,91
33,2020-10-24 23:07:33.915228,92
27,2020-10-24 23:07:36.953353,93
4,2020-10-24 23:07:39.654594,94
20,2020-10-24 23:07:42.917865,95
10,2020-10-24 23:07:54.043312,96
16,2020-10-24 23:07:58.641521,97
0,2020-10-24 23:08:00.178550,98
29,2020-10-24 23:08:04.747499,99
22,2020-10-21 18:22:51.976750,1
34,2020-10-21 18:22:53.777779,2
4,2020-10-21 18:22:56.272917,3
32,2020-10-21 18:22:59.786619,4
10,2020-10-21 18:23:02.425389,5
31,2020-10-21 18:23:10.190854,6
35,2020-10-21 18:23:16.752817,7
30,2020-10-21 18:23:18.918243,8
17,2020-10-21 18:23:21.009526,9
8,2020-10-21 18:23:22.523502,10
14,2020-10-21 18:23:26.380074,11
24,2020-10-21 18:23:30.611227,12
28,2020-10-21 18:23:35.023768,13
30,2020-10-21 18:23:39.128651,14
9,2020-10-21 18:23:41.181613,15
31,2020-10-21 18:23:43.357526,16
32,2020-10-21 18:23:48.041865,17
16,2020-10-21 18:23:49.795224,18
1,2020-10-21 18:23:53.662331,19
2,2020-10-21 18:23:54.842652,20
10,2020-10-21 18:23:57.880769,21
11,2020-10-21 18:24:02.380941,22
33,2020-10-21 18:24:04.926338,23
28,2020-10-21 18:24:28.357809,25
10,2020-10-21 18:24:34.418457,26
19,2020-10-21 18:24:37.704763,27
26,2020-10-21 18:25:26.221616,29
13,2020-10-21 18:25:34.443140,30
34,2020-10-21 18:25:42.217405,31
22,2020-10-21 18:25:46.830965,32
30,2020-10-21 18:25:50.381474,33
29,2020-10-21 18:25:52.569945,34
17,2020-10-21 18:25:54.644199,35
35,2020-10-21 18:26:00.655416,36
29,2020-10-21 18:26:02.920733,37
1,2020-10-21 18:26:05.542945,38
13,2020-10-21 18:26:08.286830,39
31,2020-10-21 18:26:13.378302,40
10,2020-10-21 18:26:16.765291,41
34,2020-10-21 18:26:37.041651,43
28,2020-10-21 18:26:40.503291,44
27,2020-10-21 18:26:42.262661,45
21,2020-10-21 18:26:44.408822,46
33,2020-10-21 18:26:50.474512,47
10,2020-10-21 18:26:54.156701,48
17,2020-10-21 18:26:56.070196,49
18,2020-10-21 18:27:02.231365,50
8,2020-10-21 18:27:54.470086,51
24,2020-10-21 18:27:55.695181,52
17,2020-10-21 18:27:59.755920,53
18,2020-10-21 18:28:07.046186,54
29,2020-10-21 18:28:09.105817,55
13,2020-10-21 18:28:13.475713,56
25,2020-10-21 18:28:15.119633,57
36,2020-10-21 18:28:20.857662,58
33,2020-10-21 18:28:28.423766,59
20,2020-10-21 18:28:29.959998,60
7,2020-10-21 18:28:33.385751,61
29,2020-10-21 18:28:36.156833,62
13,2020-10-21 18:28:38.874719,63
32,2020-10-21 18:28:44.422927,64
19,2020-10-21 18:28:46.568917,65
36,2020-10-21 18:28:49.616741,66
25,2020-10-21 18:28:57.425796,67
29,2020-10-21 18:29:13.990235,68
18,2020-10-21 18:29:27.896164,69
11,2020-10-21 18:29:30.133778,70
14,2020-10-21 18:29:32.083756,71
6,2020-10-21 18:29:34.382329,72
12,2020-10-21 18:29:36.757138,73
35,2020-10-21 18:29:41.178331,74
22,2020-10-21 18:30:12.621756,75
23,2020-10-21 18:30:17.681049,76
5,2020-10-21 18:30:19.305804,77
18,2020-10-21 18:30:26.808556,78
9,2020-10-21 18:30:29.646532,79
5,2020-10-21 18:30:31.802028,80
28,2020-10-21 18:30:35.053539,81
28,2020-10-21 18:30:41.705519,82
33,2020-10-21 18:30:45.141500,83
7,2020-10-21 18:30:47.545623,84
3,2020-10-21 18:30:49.785032,85
14,2020-10-21 18:30:51.948268,86
34,2020-10-21 18:30:53.792537,87
35,2020-10-21 18:30:55.806477,88
31,2020-10-21 18:30:57.801224,89
12,2020-10-21 18:31:01.360632,90
32,2020-10-21 18:31:03.343001,91
13,2020-10-21 18:31:05.471006,92
15,2020-10-21 18:31:07.535310,93
21,2020-10-21 18:31:13.822997,94
36,2020-10-21 18:31:16.722472,95
24,2020-10-21 18:31:21.100849,96
8,2020-10-21 18:31:23.627947,97
25,2020-10-21 18:31:25.464205,98
28,2020-10-21 18:31:31.932319,99
33,2020-10-21 18:31:35.120203,100
29,2020-10-21 18:31:38.082822,101
20,2020-10-21 18:31:40.922538,102
18,2020-10-21 18:31:46.831705,103
17,2020-10-21 18:31:49.872830,104
25,2020-10-21 18:31:52.416797,105
18,2020-10-21 18:31:56.554870,106
28,2020-10-21 18:31:59.747562,107
17,2020-10-21 18:32:01.276736,108
0,2020-10-21 18:32:03.461666,109
35,2020-10-21 18:32:08.159582,110
32,2020-10-21 18:32:16.941670,111
1,2020-10-21 18:32:19.495568,112
4,2020-10-21 18:32:22.145757,113
24,2020-10-21 18:32:24.497910,114
14,2020-10-21 18:32:26.736484,115
33,2020-10-21 18:32:32.171895,116
23,2020-10-21 19:39:30.326966,1
11,2020-10-21 19:39:33.942592,2
6,2020-10-21 19:39:38.890163,3
7,2020-10-21 19:39:40.614318,4
27,2020-10-21 19:39:41.947034,5
6,2020-10-21 19:39:46.129615,6
8,2020-10-21 19:39:48.668539,7
3,2020-10-21 19:39:52.100048,8
14,2020-10-21 19:39:53.648095,9
19,2020-10-21 19:39:56.678192,10
17,2020-10-21 19:40:01.557910,11
33,2020-10-21 19:40:05.019423,12
14,2020-10-21 19:40:07.124729,13
6,2020-10-21 19:40:08.783103,14
21,2020-10-21 19:40:11.515433,15
21,2020-10-21 19:40:12.979161,16
24,2020-10-21 19:40:14.485304,17
10,2020-10-21 19:40:18.097765,18
5,2020-10-21 19:40:24.840167,19
1,2020-10-21 19:40:26.738598,20
32,2020-10-21 19:40:44.052722,22
9,2020-10-21 19:40:48.821249,23
22,2020-10-21 19:40:53.714863,24
30,2020-10-21 19:40:56.636399,25
9,2020-10-21 19:40:58.954091,26
26,2020-10-21 19:42:02.549687,27
20,2020-10-21 19:42:05.012680,28
20,2020-10-21 19:42:06.593214,29
10,2020-10-21 19:42:22.826703,31
34,2020-10-21 19:42:28.822148,32
30,2020-10-21 19:42:31.404153,33
34,2020-10-21 19:42:35.757861,34
19,2020-10-21 19:42:37.920093,35
5,2020-10-21 19:42:40.690250,36
2,2020-10-21 19:42:43.007381,37
25,2020-10-21 19:42:48.162894,38
6,2020-10-21 19:42:49.108405,39
1,2020-10-21 19:42:51.313207,40
28,2020-10-21 19:42:53.849977,41
0,2020-10-21 19:42:56.682005,42
7,2020-10-21 19:42:58.703837,43
28,2020-10-21 19:43:06.761548,44
36,2020-10-21 19:43:09.752908,45
33,2020-10-21 19:43:12.303257,46
12,2020-10-21 19:43:17.923437,47
31,2020-10-21 19:43:20.903164,48
28,2020-10-21 19:43:25.515937,49
27,2020-10-21 19:43:27.836219,50
35,2020-10-21 19:43:32.479466,51
28,2020-10-21 19:43:39.413984,52
11,2020-10-21 19:43:41.639685,53
30,2020-10-21 19:43:45.930014,54
36,2020-10-21 19:43:47.850442,55
31,2020-10-21 19:43:50.617621,56
19,2020-10-21 19:43:53.055810,57
31,2020-10-21 19:43:56.684275,58
8,2020-10-21 19:44:00.173015,59
17,2020-10-21 19:44:04.060412,60
15,2020-10-21 19:44:06.011987,61
10,2020-10-21 19:44:08.511053,62
26,2020-10-21 19:44:13.967752,63
7,2020-10-21 19:44:20.567069,64
6,2020-10-21 19:44:22.273375,65
0,2020-10-21 19:44:24.657407,66
36,2020-10-21 19:44:27.733732,67
35,2020-10-21 19:44:29.776014,68
6,2020-10-21 19:44:31.510216,69
2,2020-10-21 19:44:33.308599,70
12,2020-10-21 19:44:35.673865,71
9,2020-10-21 19:44:37.939853,72
9,2020-10-21 19:44:38.695864,73
19,2020-10-21 19:44:41.632097,74
30,2020-10-21 19:44:44.066336,75
9,2020-10-21 19:44:47.024965,76
25,2020-10-21 19:44:49.533641,77
30,2020-10-21 19:44:52.144346,78
1,2020-10-21 19:44:54.132228,79
1,2020-10-21 19:44:54.704111,80
34,2020-10-21 19:44:57.732597,81
31,2020-10-21 19:44:59.598958,82
21,2020-10-21 19:45:01.761220,83
35,2020-10-21 19:45:08.341823,84
17,2020-10-21 19:45:10.172092,85
11,2020-10-21 19:45:12.270710,86
12,2020-10-21 19:45:14.795828,87
21,2020-10-21 19:45:17.578557,88
17,2020-10-21 19:45:19.440720,89
8,2020-10-21 19:45:22.011611,90
11,2020-10-21 19:45:24.038540,91
20,2020-10-21 19:45:27.148061,92
18,2020-10-21 19:45:29.067988,93
2,2020-10-21 19:45:30.926426,94
4,2020-10-21 19:45:33.928046,95
36,2020-10-21 19:45:36.786273,96
36,2020-10-21 19:45:37.564455,97
31,2020-10-21 19:45:39.262914,98
6,2020-10-21 19:45:43.494590,99
16,2020-10-21 20:56:13.701247,1
11,2020-10-21 20:56:15.379177,2
30,2020-10-21 20:56:17.684845,3
20,2020-10-21 20:56:21.023661,4
33,2020-10-21 20:56:25.210407,5
9,2020-10-21 20:56:28.597028,6
32,2020-10-21 20:56:32.012514,7
10,2020-10-21 20:56:35.313452,8
33,2020-10-21 20:56:43.059551,9
8,2020-10-21 20:56:45.222920,10
33,2020-10-21 20:56:47.884502,11
11,2020-10-21 20:56:51.020471,12
29,2020-10-21 20:56:56.812379,13
19,2020-10-21 20:56:58.446896,14
7,2020-10-21 20:57:00.996617,15
1,2020-10-21 20:57:02.219976,16
33,2020-10-21 20:57:04.433102,17
14,2020-10-21 20:57:06.462122,18
31,2020-10-21 20:57:09.910246,19
29,2020-10-21 20:57:18.582850,20
20,2020-10-21 20:57:21.033491,21
34,2020-10-21 20:57:23.806372,22
35,2020-10-21 20:57:26.331123,23
24,2020-10-21 20:57:28.380683,24
20,2020-10-21 20:57:30.347597,25
5,2020-10-21 20:57:33.101583,26
30,2020-10-21 20:57:35.716492,27
21,2020-10-21 20:57:40.534892,28
11,2020-10-21 20:57:42.393390,29
0,2020-10-21 20:57:44.255946,30
25,2020-10-21 20:57:46.211326,31
28,2020-10-21 20:57:48.944128,32
21,2020-10-21 20:57:53.116690,33
35,2020-10-21 20:58:00.846430,34
15,2020-10-21 20:58:04.012389,35
29,2020-10-21 20:58:06.512674,36
32,2020-10-21 20:58:25.194667,37
29,2020-10-21 20:58:28.170285,38
31,2020-10-21 20:58:31.705578,39
10,2020-10-21 20:58:39.551154,40
28,2020-10-21 20:58:42.693054,41
14,2020-10-21 20:58:45.134369,42
11,2020-10-21 20:58:48.079465,43
21,2020-10-21 20:58:50.857116,44
31,2020-10-21 20:58:52.991801,45
1,2020-10-21 20:58:56.763721,46
5,2020-10-21 20:58:58.791206,47
20,2020-10-21 20:59:00.588485,48
27,2020-10-21 20:59:03.041083,49
7,2020-10-21 20:59:07.206985,50
7,2020-10-21 20:59:08.943989,51
36,2020-10-21 20:59:15.562586,52
9,2020-10-21 20:59:21.575956,53
30,2020-10-21 20:59:24.005817,54
25,2020-10-21 20:59:27.638344,55
30,2020-10-21 20:59:43.421376,56
32,2020-10-21 20:59:45.639932,57
35,2020-10-21 20:59:47.968933,58
16,2020-10-21 21:00:41.796507,60
15,2020-10-21 21:00:44.337000,61
3,2020-10-21 21:00:47.838504,62
28,2020-10-21 21:00:54.731113,63
0,2020-10-21 21:01:06.299369,65
26,2020-10-21 21:01:08.569174,66
26,2020-10-21 21:01:09.424054,67
13,2020-10-21 21:01:13.241472,68
6,2020-10-21 21:01:15.295851,69
2,2020-10-21 21:01:17.514904,70
16,2020-10-21 21:01:20.062276,71
9,2020-10-21 21:01:22.196615,72
8,2020-10-21 21:01:23.850836,73
16,2020-10-21 21:01:26.604242,74
26,2020-10-21 21:01:31.455276,75
17,2020-10-21 21:01:35.031418,76
8,2020-10-21 21:01:37.541552,77
22,2020-10-21 21:01:40.864801,78
30,2020-10-21 21:01:46.463685,79
16,2020-10-21 21:01:49.752363,80
26,2020-10-21 21:01:51.931860,81
16,2020-10-21 21:01:57.375056,82
30,2020-10-21 21:02:01.221255,83
22,2020-10-21 21:02:04.734140,84
8,2020-10-21 21:02:08.989279,85
13,2020-10-21 21:02:10.762954,86
5,2020-10-21 21:02:12.833852,87
0,2020-10-21 21:02:14.503402,88
20,2020-10-21 21:02:17.634295,89
24,2020-10-21 21:02:19.167771,90
29,2020-10-21 21:02:23.562615,91
4,2020-10-21 21:02:26.776126,92
17,2020-10-21 21:02:29.879745,93
23,2020-10-21 21:02:32.928134,94
22,2020-10-21 22:18:32.729739,1
21,2020-10-21 22:18:42.793452,2
34,2020-10-21 22:18:46.075454,3
9,2020-10-21 22:18:48.868466,4
19,2020-10-21 22:18:53.061674,5
12,2020-10-21 22:18:55.445690,6
20,2020-10-21 22:18:58.209802,7
33,2020-10-21 22:18:59.994936,8
29,2020-10-21 22:19:03.511815,9
33,2020-10-21 22:19:14.059439,10
22,2020-10-21 22:19:18.775658,11
34,2020-10-21 22:19:23.341519,12
19,2020-10-21 22:19:26.522157,13
29,2020-10-21 22:19:30.457166,14
23,2020-10-21 22:19:34.106085,15
34,2020-10-21 22:19:37.290314,16
29,2020-10-21 22:19:39.556519,17
14,2020-10-21 22:19:41.815316,18
33,2020-10-21 22:20:10.554840,19
26,2020-10-21 22:20:14.339164,20
29,2020-10-21 22:20:18.881487,21
12,2020-10-21 22:20:21.186913,22
10,2020-10-21 22:20:25.161578,23
15,2020-10-21 22:20:27.934726,24
7,2020-10-21 22:20:30.434599,25
13,2020-10-21 22:20:33.296587,26
32,2020-10-21 22:20:41.819340,27
3,2020-10-21 22:20:43.475856,28
16,2020-10-21 22:20:47.227388,29
21,2020-10-21 22:20:49.834601,30
35,2020-10-21 22:20:59.847440,31
34,2020-10-21 22:21:00.880438,32
6,2020-10-21 22:21:02.378643,33
21,2020-10-21 22:21:07.734994,34
9,2020-10-21 22:21:09.102617,35
33,2020-10-21 22:21:13.023494,36
17,2020-10-21 22:21:14.104799,37
23,2020-10-21 22:21:18.853796,38
22,2020-10-21 22:21:22.693530,39
24,2020-10-21 22:21:24.285405,40
4,2020-10-21 22:21:26.178419,41
18,2020-10-21 22:21:32.087703,42
9,2020-10-21 22:21:39.174285,43
26,2020-10-21 22:21:44.476747,44
36,2020-10-21 22:21:47.935925,45
28,2020-10-21 22:21:57.169811,46
14,2020-10-21 22:22:03.225022,47
7,2020-10-21 22:22:05.352778,48
23,2020-10-21 22:22:10.887860,49
3,2020-10-21 22:22:12.914708,50
24,2020-10-21 22:22:15.539174,51
29,2020-10-21 22:22:22.812449,52
1,2020-10-21 22:22:24.402224,53
7,2020-10-21 22:22:27.321522,54
22,2020-10-21 22:22:29.114545,55
26,2020-10-21 22:22:35.323040,56
0,2020-10-21 22:22:37.006682,57
8,2020-10-21 22:22:39.368173,58
1,2020-10-21 22:22:40.976665,59
1,2020-10-21 22:22:41.656010,60
4,2020-10-21 22:22:42.624328,61
36,2020-10-21 22:22:50.674170,62
2,2020-10-21 22:23:14.313445,63
17,2020-10-21 22:23:16.757865,64
24,2020-10-21 22:23:18.951644,65
10,2020-10-21 22:23:22.281084,66
27,2020-10-21 22:23:27.728023,67
5,2020-10-21 22:23:35.375368,68
3,2020-10-21 22:23:37.451020,69
17,2020-10-21 22:23:39.808537,70
30,2020-10-21 22:23:42.266237,71
10,2020-10-21 22:23:56.064509,72
0,2020-10-21 22:23:57.987628,73
8,2020-10-21 22:24:00.318613,74
21,2020-10-21 22:24:03.068095,75
19,2020-10-21 22:24:04.969614,76
35,2020-10-21 22:24:07.432347,77
20,2020-10-21 22:24:09.396234,78
33,2020-10-21 22:24:11.462980,79
28,2020-10-21 22:24:14.681184,80
4,2020-10-21 22:24:16.590691,81
3,2020-10-21 22:24:18.314891,82
34,2020-10-21 22:24:20.319584,83
29,2020-10-21 22:24:22.593859,84
14,2020-10-21 22:24:24.628202,85
28,2020-10-21 22:24:27.968969,86
26,2020-10-21 22:24:35.332463,87
16,2020-10-21 22:24:43.441546,88
31,2020-10-21 22:24:47.265985,89
30,2020-10-21 22:24:49.386393,90
10,2020-10-21 22:24:51.462426,91
15,2020-10-21 22:24:54.097785,92
23,2020-10-21 22:24:55.696545,93
17,2020-10-21 22:24:58.533284,94
5,2020-10-21 22:25:00.514537,95
7,2020-10-21 22:25:03.557688,96
26,2020-10-21 22:25:05.220155,97
21,2020-10-21 22:25:07.752541,98
29,2020-10-21 22:25:11.917826,99
3,2020-10-21 22:25:14.189398,100
19,2020-10-21 22:25:19.202403,101
13,2020-10-21 22:25:24.874021,102
13,2020-10-21 22:25:25.499720,103
31,2020-10-22 17:23:54.279720,1
14,2020-10-22 17:23:57.742885,2
17,2020-10-22 17:24:05.546419,3
2,2020-10-22 17:24:06.967661,4
15,2020-10-22 17:24:10.080164,5
34,2020-10-22 17:24:13.601157,6
4,2020-10-22 17:24:15.442028,7
13,2020-10-22 17:24:20.773072,8
28,2020-10-22 17:24:22.594816,9
12,2020-10-22 17:24:26.454438,10
3,2020-10-22 17:24:38.919505,12
21,2020-10-22 17:24:43.806668,13
35,2020-10-22 17:24:45.430509,14
11,2020-10-22 17:24:47.248461,15
27,2020-10-22 17:24:48.891192,16
5,2020-10-22 17:24:51.323826,17
35,2020-10-22 17:24:54.492666,18
9,2020-10-22 17:24:58.538011,19
21,2020-10-22 17:25:00.640158,20
6,2020-10-22 17:25:03.415596,21
18,2020-10-22 17:25:06.989950,22
4,2020-10-22 17:25:16.142857,23
33,2020-10-22 17:25:20.028053,24
3,2020-10-22 17:25:22.903951,25
13,2020-10-22 17:25:28.111352,26
8,2020-10-22 17:25:31.969118,27
6,2020-10-22 17:25:33.879631,28
35,2020-10-22 17:25:39.183721,29
35,2020-10-22 17:25:39.873018,30
9,2020-10-22 17:25:43.704825,31
7,2020-10-22 17:25:47.909774,32
35,2020-10-22 17:25:50.545062,33
26,2020-10-22 17:26:20.244628,34
36,2020-10-22 17:26:22.295546,35
18,2020-10-22 17:26:27.790338,36
33,2020-10-22 17:26:30.639437,37
13,2020-10-22 17:26:41.757327,38
9,2020-10-22 17:26:45.028003,39
26,2020-10-22 17:27:01.483048,40
27,2020-10-22 17:27:07.732841,41
5,2020-10-22 17:27:12.644251,42
34,2020-10-22 17:27:22.472747,43
24,2020-10-22 17:27:25.993293,44
26,2020-10-22 17:27:30.402238,45
8,2020-10-22 17:27:36.694869,46
1,2020-10-22 17:27:38.038614,47
29,2020-10-22 17:27:41.318395,48
12,2020-10-22 17:27:44.736254,49
15,2020-10-22 17:27:47.041174,50
14,2020-10-22 17:27:48.760891,51
27,2020-10-22 17:27:52.763497,52
20,2020-10-22 17:27:55.289846,53
26,2020-10-22 17:28:04.059334,54
18,2020-10-22 17:28:13.061316,55
4,2020-10-22 17:28:16.301713,56
31,2020-10-22 17:28:19.381697,57
28,2020-10-22 17:28:33.596836,58
7,2020-10-22 17:28:37.039264,59
11,2020-10-22 17:28:39.516483,60
33,2020-10-22 17:28:41.780121,61
11,2020-10-22 17:28:48.919783,62
33,2020-10-22 17:28:55.446604,63
11,2020-10-22 17:29:01.289639,64
27,2020-10-22 17:29:03.925796,65
16,2020-10-22 17:29:05.855975,66
35,2020-10-22 17:29:07.635880,67
22,2020-10-22 17:29:10.574820,68
19,2020-10-22 17:29:14.472362,69
4,2020-10-22 17:29:17.127374,70
21,2020-10-22 17:29:18.994523,71
0,2020-10-22 17:29:22.388188,72
19,2020-10-22 17:29:24.492145,73
34,2020-10-22 17:29:28.151308,74
20,2020-10-22 17:29:32.721448,75
7,2020-10-22 17:29:34.620501,76
28,2020-10-22 17:29:49.909161,77
21,2020-10-22 17:29:52.330664,78
28,2020-10-22 17:30:03.434249,79
29,2020-10-22 17:30:07.170109,80
11,2020-10-22 17:30:10.234937,81
3,2020-10-22 17:30:13.709400,82
8,2020-10-22 17:30:27.388967,83
12,2020-10-22 17:30:31.374297,84
26,2020-10-22 17:30:34.120366,85
32,2020-10-22 17:30:37.193153,86
33,2020-10-22 17:30:44.813836,87
6,2020-10-22 17:30:47.714881,88
12,2020-10-22 17:30:50.836959,89
25,2020-10-22 17:30:53.069621,90
9,2020-10-22 17:30:55.480638,91
25,2020-10-22 17:30:58.460050,92
28,2020-10-22 17:31:07.707602,93
8,2020-10-22 17:31:13.247499,94
2,2020-10-22 17:31:17.019384,95
14,2020-10-22 17:31:19.517235,96
3,2020-10-22 17:31:25.651467,97
16,2020-10-22 17:31:28.498970,98
1,2020-10-22 17:31:30.576652,99
12,2020-10-22 17:31:33.513572,100
15,2020-10-22 17:31:35.144317,101
15,2020-10-22 17:31:36.068711,102
0,2020-10-22 17:31:38.072319,103
15,2020-10-22 17:31:52.169687,104
14,2020-10-22 17:31:53.498106,105
7,2020-10-22 17:31:55.082464,106
29,2020-10-22 17:31:57.448975,107
13,2020-10-22 17:32:00.932654,108
10,2020-10-22 17:32:03.734145,109
23,2020-10-22 17:32:14.805180,110
12,2020-10-22 17:32:18.699425,111
30,2020-10-22 17:32:21.649276,112
15,2020-10-22 17:32:24.750574,113
18,2020-10-22 17:32:29.742061,114
21,2020-10-22 17:32:35.953572,115
34,2020-10-22 17:32:37.798333,116
8,2020-10-22 17:32:40.744061,117
15,2020-10-22 17:32:42.984952,118
4,2020-10-22 17:32:44.831437,119
28,2020-10-22 17:32:46.884096,120
27,2020-10-22 17:32:48.469901,121
19,2020-10-22 17:32:50.469230,122
9,2020-10-22 17:32:52.459298,123
30,2020-10-22 17:32:56.437787,124
29,2020-10-22 17:32:57.630136,125
15,2020-10-22 17:33:04.221861,126
19,2020-10-22 17:33:06.712064,127
14,2020-10-22 17:33:09.961051,128
31,2020-10-22 17:33:15.853437,129
31,2020-10-22 17:33:17.319455,130
5,2020-10-22 17:33:20.765512,131
5,2020-10-22 17:33:22.213044,132
11,2020-10-22 17:33:25.584147,133
13,2020-10-22 17:33:27.942152,134
11,2020-10-22 17:33:30.271712,135
7,2020-10-22 17:33:35.306107,136
2,2020-10-22 17:33:37.810462,137
18,2020-10-22 17:33:43.066512,138
6,2020-10-22 17:33:45.857421,139
31,2020-10-22 17:33:51.080363,140
24,2020-10-22 17:33:53.501659,141
31,2020-10-22 17:33:55.260453,142
9,2020-10-22 17:33:57.316510,143
11,2020-10-22 17:33:59.725720,144
1,2020-10-22 17:34:03.823646,145
16,2020-10-22 17:34:06.025288,146
0,2020-10-22 17:34:08.142257,147
12,2020-10-22 17:34:11.921690,148
29,2020-10-22 17:34:16.802905,149
11,2020-10-22 17:34:19.772929,150
11,2020-10-22 17:34:21.193999,151
36,2020-10-22 17:34:27.570271,152
19,2020-10-22 17:34:30.178238,153
18,2020-10-22 17:34:38.091786,154
14,2020-10-22 17:34:41.209839,155
34,2020-10-22 17:34:43.243177,156
27,2020-10-22 17:34:45.752464,157
17,2020-10-22 17:34:47.316370,158
1,2020-10-22 17:34:48.594302,159
6,2020-10-22 17:34:55.189305,160
1,2020-10-22 17:34:57.140656,161
14,2020-10-22 17:35:01.402615,162
16,2020-10-22 17:35:04.503362,163
8,2020-10-22 17:35:10.484444,164
0,2020-10-22 17:35:12.647702,165
33,2020-10-22 17:35:15.710560,166
7,2020-10-22 17:35:18.914959,167
14,2020-10-22 17:35:22.086308,168
6,2020-10-22 17:35:24.208688,169
13,2020-10-22 17:35:27.171512,170
6,2020-10-22 17:35:29.194861,171
12,2020-10-22 17:35:31.385626,172
21,2020-10-22 17:35:36.662751,173
11,2020-10-22 17:35:38.960175,174
18,2020-10-22 17:35:45.367434,175
22,2020-10-22 17:35:47.913009,176
19,2020-10-22 17:35:52.122300,177
29,2020-10-22 17:35:59.462579,178
0,2020-10-22 17:36:01.305082,179
22,2020-10-22 17:36:03.595047,180
5,2020-10-22 18:52:01.954915,1
9,2020-10-22 18:52:04.773903,2
29,2020-10-22 18:52:08.002627,3
18,2020-10-22 18:52:12.924772,4
11,2020-10-22 18:52:15.053987,5
17,2020-10-22 18:52:16.906839,6
3,2020-10-22 18:52:18.504134,7
28,2020-10-22 18:52:35.114586,8
4,2020-10-22 18:52:40.448156,9
22,2020-10-22 18:54:20.406810,12
4,2020-10-22 18:54:25.933083,13
16,2020-10-22 18:54:31.051216,14
3,2020-10-22 18:54:33.714789,15
17,2020-10-22 18:54:36.176057,16
2,2020-10-22 18:54:40.685314,17
18,2020-10-22 18:54:47.253548,18
19,2020-10-22 18:54:51.385845,19
3,2020-10-22 18:54:55.627110,20
14,2020-10-22 18:55:16.580843,22
21,2020-10-22 18:55:21.097750,23
3,2020-10-22 18:55:23.517903,24
13,2020-10-22 18:55:24.807695,25
20,2020-10-22 18:55:26.568074,26
26,2020-10-22 18:55:29.618055,27
23,2020-10-22 18:55:31.628449,28
5,2020-10-22 18:55:35.335471,29
22,2020-10-22 18:55:36.994137,30
28,2020-10-22 18:55:43.678397,31
5,2020-10-22 18:55:49.833418,32
9,2020-10-22 18:55:52.827638,33
1,2020-10-22 18:55:54.277269,34
9,2020-10-22 18:55:56.604733,35
10,2020-10-22 18:55:59.055877,36
32,2020-10-22 18:56:20.127643,37
22,2020-10-22 18:56:22.351433,38
24,2020-10-22 18:56:24.176920,39
31,2020-10-22 18:56:26.012673,40
10,2020-10-22 18:56:28.040696,41
35,2020-10-22 18:56:32.780370,42
20,2020-10-22 18:56:37.323180,43
23,2020-10-22 18:56:49.606184,44
34,2020-10-22 18:57:01.139583,45
28,2020-10-22 18:57:02.231977,46
0,2020-10-22 18:57:06.849889,47
19,2020-10-22 18:57:14.581854,48
17,2020-10-22 18:57:16.701867,49
34,2020-10-22 18:57:21.614257,50
21,2020-10-22 18:57:26.077728,51
9,2020-10-22 18:57:28.027333,52
5,2020-10-22 18:57:32.739876,53
19,2020-10-22 18:57:34.972080,54
7,2020-10-22 18:57:36.848303,55
23,2020-10-22 18:57:39.101902,56
33,2020-10-22 18:57:41.460563,57
0,2020-10-22 18:57:44.817849,58
32,2020-10-22 18:57:48.049222,59
8,2020-10-22 18:57:50.644750,60
19,2020-10-22 18:57:53.527579,61
17,2020-10-22 18:57:56.969705,62
34,2020-10-22 18:58:00.809276,63
21,2020-10-22 18:58:20.859011,64
9,2020-10-22 18:58:23.610246,65
5,2020-10-22 18:58:28.354618,66
19,2020-10-22 18:58:31.087779,67
7,2020-10-22 18:58:36.468734,68
23,2020-10-22 18:58:38.831747,69
33,2020-10-22 18:58:41.329688,70
0,2020-10-22 18:58:43.289294,71
32,2020-10-22 18:58:46.488006,72
8,2020-10-22 18:58:49.845991,73
14,2020-10-22 18:58:52.237611,74
5,2020-10-22 18:58:55.584131,75
29,2020-10-22 18:58:57.704888,76
26,2020-10-22 18:59:00.122771,77
1,2020-10-22 18:59:01.991742,78
20,2020-10-22 18:59:05.226755,79
15,2020-10-22 18:59:07.783211,80
10,2020-10-22 18:59:10.544361,81
30,2020-10-22 18:59:13.384666,82
12,2020-10-22 18:59:16.924235,83
29,2020-10-22 18:59:23.192695,84
8,2020-10-22 18:59:35.764989,85
14,2020-10-22 18:59:37.692383,86
24,2020-10-22 18:59:39.723934,87
26,2020-10-22 18:59:42.611590,88
16,2020-10-22 18:59:47.827185,89
14,2020-10-22 18:59:49.668995,90
28,2020-10-22 18:59:52.255526,91
9,2020-10-22 18:59:54.368313,92
2,2020-10-22 18:59:57.678359,93
17,2020-10-22 19:00:02.144432,94
35,2020-10-22 19:00:06.827537,95
26,2020-10-22 19:00:30.768183,96
3,2020-10-22 19:00:39.525455,97
20,2020-10-22 19:00:41.750082,98
29,2020-10-22 19:00:43.563725,99
25,2020-10-22 19:00:45.761772,100
12,2020-10-22 19:00:49.867236,101
11,2020-10-22 19:00:51.772643,102
1,2020-10-22 19:00:54.026604,103
30,2020-10-22 19:00:56.632310,104
8,2020-10-22 19:00:58.392689,105
8,2020-10-22 19:00:59.962691,106
11,2020-10-22 19:01:01.766354,107
16,2020-10-22 19:01:05.678269,108
29,2020-10-22 19:01:07.368956,109
0,2020-10-22 19:01:14.816929,110
12,2020-10-22 19:01:23.689130,111
30,2020-10-22 19:01:27.004822,112
31,2020-10-22 19:01:30.283621,113
30,2020-10-22 19:01:37.196123,114
21,2020-10-22 19:01:39.010591,115
8,2020-10-22 19:01:40.882031,116
16,2020-10-22 19:01:43.734087,117
5,2020-10-22 19:01:48.504319,118
22,2020-10-22 19:01:52.194557,119
7,2020-10-22 19:01:56.978786,120
17,2020-10-22 19:01:58.621213,121
25,2020-10-22 19:02:03.484774,122
26,2020-10-22 19:02:11.490150,123
26,2020-10-22 19:02:19.605794,124
16,2020-10-22 19:02:22.279559,125
23,2020-10-22 19:02:34.270056,126
11,2020-10-22 19:02:41.552373,127
30,2020-10-22 19:02:44.961768,128
32,2020-10-22 19:02:46.779793,129
9,2020-10-22 19:02:50.206684,130
22,2020-10-22 19:02:55.648034,131
16,2020-10-22 20:18:26.796107,1
35,2020-10-22 20:18:36.222288,2
6,2020-10-22 20:18:38.873544,3
23,2020-10-22 20:18:42.233015,4
25,2020-10-22 20:18:43.305901,5
10,2020-10-22 20:18:54.322170,6
28,2020-10-22 20:18:59.751724,7
10,2020-10-22 20:19:04.216421,8
36,2020-10-22 20:19:10.207041,9
22,2020-10-22 20:19:12.768872,10
22,2020-10-22 20:19:13.602694,11
30,2020-10-22 20:19:16.004268,12
3,2020-10-22 20:19:18.268196,13
9,2020-10-22 20:19:21.229754,14
2,2020-10-22 20:19:23.166287,15
17,2020-10-22 20:19:27.625828,16
7,2020-10-22 20:19:33.512420,17
17,2020-10-22 20:19:36.204349,18
24,2020-10-22 20:19:39.999396,19
35,2020-10-22 20:19:42.538446,20
22,2020-10-22 20:19:45.584802,21
23,2020-10-22 20:19:50.964927,22
12,2020-10-22 20:19:52.830927,23
36,2020-10-22 20:19:54.553525,24
28,2020-10-22 20:19:59.414707,25
25,2020-10-22 20:20:03.910518,26
31,2020-10-22 20:20:08.800017,27
21,2020-10-22 20:20:13.753658,28
34,2020-10-22 20:20:17.402882,29
4,2020-10-22 20:20:20.996876,30
15,2020-10-22 20:20:28.906066,31
14,2020-10-22 20:20:30.588079,32
9,2020-10-22 20:20:32.670920,33
0,2020-10-22 20:20:34.897714,34
25,2020-10-22 20:20:39.541694,35
29,2020-10-22 20:20:41.992293,36
13,2020-10-22 20:20:44.576907,37
19,2020-10-22 20:20:47.390913,38
0,2020-10-22 20:20:49.774449,39
25,2020-10-22 20:20:53.542727,40
16,2020-10-22 20:20:55.842817,41
17,2020-10-22 20:21:03.312612,42
14,2020-10-22 20:21:05.373643,43
31,2020-10-22 20:21:14.579553,44
34,2020-10-22 20:21:22.139618,45
5,2020-10-22 20:21:24.503889,46
30,2020-10-22 20:21:32.362786,47
20,2020-10-22 20:21:33.967487,48
10,2020-10-22 20:21:36.111743,49
29,2020-10-22 20:21:38.147356,50
32,2020-10-22 20:21:56.067697,51
18,2020-10-22 20:22:01.567053,52
12,2020-10-22 20:22:03.553399,53
12,2020-10-22 20:22:04.378251,54
15,2020-10-22 20:22:07.438298,55
14,2020-10-22 20:22:12.205657,56
23,2020-10-22 20:22:28.098726,57
21,2020-10-22 20:22:35.046924,58
34,2020-10-22 20:22:39.511068,59
26,2020-10-22 20:23:13.205573,60
3,2020-10-22 20:23:17.033353,61
7,2020-10-22 20:23:18.937212,62
32,2020-10-22 20:23:20.781693,63
18,2020-10-22 20:23:32.305777,64
14,2020-10-22 20:23:35.959873,65
16,2020-10-22 20:23:41.730016,66
21,2020-10-22 20:23:45.645280,67
30,2020-10-22 20:23:49.032958,68
28,2020-10-22 20:23:53.389567,69
30,2020-10-22 20:23:58.796351,70
16,2020-10-22 20:24:04.452291,71
31,2020-10-22 20:24:07.535790,72
3,2020-10-22 20:24:14.064724,73
17,2020-10-22 20:24:19.773748,74
19,2020-10-22 20:24:22.558234,75
13,2020-10-22 20:24:28.086258,76
23,2020-10-22 20:24:30.423003,77
19,2020-10-22 20:24:35.007115,78
23,2020-10-22 20:24:41.433275,79
36,2020-10-22 20:24:43.771921,80
22,2020-10-22 20:24:46.802278,81
17,2020-10-22 20:24:49.021966,82
34,2020-10-22 20:24:51.589645,83
19,2020-10-22 20:24:52.958729,84
19,2020-10-22 20:24:54.479441,85
36,2020-10-22 20:24:57.784445,86
14,2020-10-22 20:24:59.237889,87
5,2020-10-22 20:25:01.722094,88
36,2020-10-22 20:25:03.963326,89
18,2020-10-22 20:25:07.667087,90
0,2020-10-22 20:25:09.191758,91
17,2020-10-22 20:25:12.108561,92
19,2020-10-22 20:25:14.490216,93
12,2020-10-22 20:25:16.928234,94
22,2020-10-22 20:25:19.974600,95
3,2020-10-22 20:25:26.082730,96
22,2020-10-22 20:25:29.671535,97
23,2020-10-22 20:25:39.010919,98
9,2020-10-22 20:25:42.511002,99
26,2020-10-22 20:25:50.307298,100
6,2020-10-22 20:25:52.426305,101
27,2020-10-22 20:25:54.767959,102
12,2020-10-22 20:25:58.486458,103
18,2020-10-22 20:26:02.070015,104
21,2020-10-22 20:26:06.195906,105
6,2020-10-22 20:26:09.225498,106
19,2020-10-22 20:26:12.329015,107
24,2020-10-22 20:26:16.756875,108
28,2020-10-22 20:26:20.539836,109
19,2020-10-22 20:26:27.759278,110
2,2020-10-22 20:26:30.673188,111
3,2020-10-22 20:26:31.380149,112
2,2020-10-22 20:26:33.621508,113
27,2020-10-22 20:26:35.265115,114
13,2020-10-22 20:26:36.980206,115
22,2020-10-22 21:48:20.938745,1
24,2020-10-22 21:48:24.507599,2
21,2020-10-22 21:48:26.610414,3
15,2020-10-22 21:48:30.268801,4
33,2020-10-22 21:48:58.399554,5
30,2020-10-22 21:49:02.982933,6
32,2020-10-22 21:49:22.427851,7
31,2020-10-22 21:49:24.190576,8
13,2020-10-22 21:49:30.930743,9
27,2020-10-22 21:49:32.514729,10
29,2020-10-22 21:49:40.517406,11
25,2020-10-22 21:49:43.542218,12
7,2020-10-22 21:49:45.887625,13
36,2020-10-22 21:49:49.319253,14
33,2020-10-22 21:49:52.764651,15
36,2020-10-22 21:49:55.510938,16
26,2020-10-22 21:50:19.763057,17
15,2020-10-22 21:50:23.526821,18
0,2020-10-22 21:50:26.904385,19
35,2020-10-22 21:50:38.199709,20
22,2020-10-22 21:50:42.330221,21
21,2020-10-22 21:50:45.122849,22
20,2020-10-22 21:50:47.336324,23
17,2020-10-22 21:50:50.134681,24
19,2020-10-22 21:50:58.939057,25
32,2020-10-22 21:51:02.404585,26
1,2020-10-22 21:51:09.760799,27
2,2020-10-22 21:51:10.643054,28
9,2020-10-22 21:51:12.671231,29
18,2020-10-22 21:51:16.476368,30
15,2020-10-22 21:51:20.430153,31
25,2020-10-22 21:51:24.775764,32
6,2020-10-22 21:51:27.587136,33
23,2020-10-22 21:51:30.048727,34
33,2020-10-22 21:51:33.372665,35
16,2020-10-22 21:51:36.204282,36
35,2020-10-22 21:51:51.587323,37
6,2020-10-22 21:52:01.998457,38
20,2020-10-22 21:52:06.063251,39
26,2020-10-22 21:52:13.383018,40
2,2020-10-22 21:52:18.139634,41
13,2020-10-22 21:52:32.676708,42
22,2020-10-22 21:52:35.481027,43
21,2020-10-22 21:52:38.393034,44
13,2020-10-22 21:52:41.247234,45
26,2020-10-22 21:52:44.842046,46
14,2020-10-22 21:52:54.638986,47
16,2020-10-22 21:52:57.315634,48
32,2020-10-22 21:53:01.958985,49
24,2020-10-22 21:53:04.568410,50
34,2020-10-22 21:53:12.420978,51
25,2020-10-22 21:53:33.520186,52
13,2020-10-22 21:53:38.905377,53
3,2020-10-22 21:53:40.760941,54
15,2020-10-22 21:53:44.901257,55
23,2020-10-22 21:53:47.844206,56
28,2020-10-22 21:53:51.809366,57
25,2020-10-22 21:53:56.907466,58
17,2020-10-22 21:54:00.927064,59
2,2020-10-22 21:54:02.663915,60
34,2020-10-22 21:54:09.350849,61
34,2020-10-22 21:54:10.335943,62
7,2020-10-22 21:54:16.132792,63
26,2020-10-22 21:54:35.704492,64
25,2020-10-22 21:54:40.529711,65
28,2020-10-22 21:54:44.346779,66
21,2020-10-22 21:54:47.691663,67
11,2020-10-22 21:54:57.919146,68
11,2020-10-22 21:55:05.719979,70
26,2020-10-22 21:55:13.680789,71
28,2020-10-22 21:55:21.828663,72
0,2020-10-22 21:55:25.291656,73
14,2020-10-22 21:55:26.408876,74
22,2020-10-22 21:55:30.761970,75
13,2020-10-22 21:55:34.549788,76
9,2020-10-22 21:55:37.268806,77
20,2020-10-22 21:55:40.826511,78
17,2020-10-22 21:55:42.730510,79
12,2020-10-22 21:55:45.326260,80
9,2020-10-22 21:55:49.253333,81
14,2020-10-22 21:55:52.227354,82
28,2020-10-22 21:55:55.249972,83
7,2020-10-22 21:55:58.735326,84
28,2020-10-22 21:56:04.387817,85
11,2020-10-22 21:56:09.531651,86
32,2020-10-22 21:56:14.393761,87
15,2020-10-22 21:56:17.826777,88
0,2020-10-22 21:56:21.582674,89
25,2020-10-22 21:56:25.375913,90
19,2020-10-22 21:56:28.230592,91
25,2020-10-22 21:56:31.912651,92
7,2020-10-22 21:56:34.813570,93
24,2020-10-22 21:56:37.152102,94
36,2020-10-22 21:56:39.531043,95
32,2020-10-22 21:56:42.360963,96
25,2020-10-22 21:56:45.688243,97
27,2020-10-22 21:56:47.899899,98
16,2020-10-22 21:56:51.831660,99
9,2020-10-22 21:56:53.502510,100
31,2020-10-22 21:56:56.375733,101
9,2020-10-22 21:56:57.903937,102
16,2020-10-22 21:57:01.938996,103
9,2020-10-22 21:57:04.178998,104
19,2020-10-22 21:57:08.553181,105
21,2020-10-22 21:57:11.721125,106
22,2020-10-22 21:57:14.482425,107
14,2020-10-22 21:57:16.271774,108
25,2020-10-22 21:57:18.817994,109
7,2020-10-22 21:57:20.533782,110
2,2020-10-22 21:57:23.192501,111
34,2020-10-22 21:57:26.151156,112
12,2020-10-22 21:57:30.212960,113
21,2020-10-22 21:57:33.162909,114
8,2020-10-22 21:57:37.700094,115
9,2020-10-22 21:57:39.989869,116
4,2020-10-22 21:57:42.171538,117
11,2020-10-22 21:57:44.994272,118
33,2020-10-22 21:57:47.780242,119
0,2020-10-22 21:57:50.084813,120
21,2020-10-22 21:57:55.708607,121
21,2020-10-22 21:57:58.259002,122
21,2020-10-22 21:58:02.068090,123
27,2020-10-22 21:58:06.080716,124
26,2020-10-22 21:58:46.821009,127
12,2020-10-22 21:58:52.386338,128
9,2020-10-22 21:58:53.808522,129
